Subject Id,Visit,BodyWeighID,Study Identifier,Domain Abbreviation,Project Unique Identifier,Cohort,Subject Identification,Test Short Name,Test Name,Result or Findings as Collected,Unit of the Original Result,Standardized Result in Character Format,Standardized Result in Numeric Format,Unit of the Standardized Result,Completion Status,Reason Not Done,Baseline Flag,Fasting Status,Exclusion Flag,Reason for Exclusion,Unscheduled Flag,Planned Study Day of Collection,Date/Time Animal Weighed,Study Day Animal Weighed,Nominal Study Day for Tabulations,Label for Nominal Study Day
N150a009,BW,N150a001_20,"Xeno Nimo Hypox,FaDu",BW,N150,a,9,BW,Body Weight,33.0,g,33,33.0,g,,,Y,,,,,,2011-12-26,20.0,20.0,Week 1
N150a009,BW,N150a001_27,"Xeno Nimo Hypox,FaDu",BW,N150,a,9,BW,Body Weight,34.0,g,34,34.0,g,,,,,,,,,2012-01-02,27.0,27.0,Week 2
N150a009,BW,N150a001_34,"Xeno Nimo Hypox,FaDu",BW,N150,a,9,BW,Body Weight,35.0,g,35,35.0,g,,,,,,,,,2012-01-09,34.0,34.0,Week 3
N150a009,BW,N150a001_41,"Xeno Nimo Hypox,FaDu",BW,N150,a,9,BW,Body Weight,30.0,g,30,30.0,g,,,,,,,,,2012-01-16,41.0,41.0,Week 4
N150a009,BW,N150a001_48,"Xeno Nimo Hypox,FaDu",BW,N150,a,9,BW,Body Weight,30.0,g,30,30.0,g,,,,,,,,,2012-01-23,48.0,48.0,Week 5
N150a009,BW,N150a001_55,"Xeno Nimo Hypox,FaDu",BW,N150,a,9,BW,Body Weight,33.0,g,33,33.0,g,,,,,,,,,2012-01-30,55.0,55.0,Week 6
N150a009,BW,N150a001_62,"Xeno Nimo Hypox,FaDu",BW,N150,a,9,BW,Body Weight,33.0,g,33,33.0,g,,,,,,,,,2012-02-06,62.0,62.0,Week 7
N150a009,BW,N150a001_69,"Xeno Nimo Hypox,FaDu",BW,N150,a,9,BW,Body Weight,33.0,g,33,33.0,g,,,,,,,,,2012-02-13,69.0,69.0,Week 8
N150a009,BW,N150a001_76,"Xeno Nimo Hypox,FaDu",BW,N150,a,9,BW,Body Weight,34.0,g,34,34.0,g,,,,,,,,,2012-02-20,76.0,76.0,Week 9
N150a009,BW,N150a001_83,"Xeno Nimo Hypox,FaDu",BW,N150,a,9,BW,Body Weight,34.0,g,34,34.0,g,,,,,,,,,2012-02-27,83.0,83.0,Week 10
N150a009,BW,N150a001_90,"Xeno Nimo Hypox,FaDu",BW,N150,a,9,BW,Body Weight,35.0,g,35,35.0,g,,,,,,,,,2012-03-05,90.0,90.0,Week 11
N150a009,BW,N150a001_97,"Xeno Nimo Hypox,FaDu",BW,N150,a,9,BW,Body Weight,35.0,g,35,35.0,g,,,,,,,,,2012-03-12,97.0,97.0,Week 12
N150a009,BW,N150a001_104,"Xeno Nimo Hypox,FaDu",BW,N150,a,9,BW,Body Weight,33.0,g,33,33.0,g,,,,,,,,,2012-03-19,104.0,104.0,Week 13
N150a009,BW,N150a001_111,"Xeno Nimo Hypox,FaDu",BW,N150,a,9,BW,Body Weight,32.0,g,32,32.0,g,,,,,,,,,2012-03-26,111.0,111.0,Week 14
N150a009,BW,N150a001_118,"Xeno Nimo Hypox,FaDu",BW,N150,a,9,BW,Body Weight,31.0,g,31,31.0,g,,,,,,,,,2012-04-02,118.0,118.0,Week 15
N150a009,BW,N150a001_126,"Xeno Nimo Hypox,FaDu",BW,N150,a,9,BW,Body Weight,27.0,g,27,27.0,g,,,,,,,,,2012-04-10,126.0,126.0,Week 16
N150a009,BW,N150a001_133,"Xeno Nimo Hypox,FaDu",BW,N150,a,9,BW,Body Weight,28.0,g,28,28.0,g,,,,,,,,,2012-04-17,133.0,133.0,Week 17
N150a009,BW,N150a001_139,"Xeno Nimo Hypox,FaDu",BW,N150,a,9,BW,Body Weight,26.0,g,26,26.0,g,,,,,,,,,2012-04-23,139.0,139.0,Week 18
N150a009,BW,N150a001_146,"Xeno Nimo Hypox,FaDu",BW,N150,a,9,BW,Body Weight,25.0,g,25,25.0,g,,,,,,,,,2012-04-30,146.0,146.0,Week 19
N150a009,BW,N150a001_153,"Xeno Nimo Hypox,FaDu",BW,N150,a,9,BW,Body Weight,27.0,g,27,27.0,g,,,,,,,,,2012-05-07,153.0,153.0,Week 20
N150a009,BW,N150a001_160,"Xeno Nimo Hypox,FaDu",BW,N150,a,9,BW,Body Weight,29.0,g,29,29.0,g,,,,,,,,,2012-05-14,160.0,160.0,Week 21
N150a009,BW,N150a001_167,"Xeno Nimo Hypox,FaDu",BW,N150,a,9,BW,Body Weight,27.0,g,27,27.0,g,,,,,,,,,2012-05-21,167.0,167.0,Week 22
N150a009,BW,N150a001_176,"Xeno Nimo Hypox,FaDu",BW,N150,a,9,BW,Body Weight,27.0,g,27,27.0,g,,,,,,,,,2012-05-30,176.0,176.0,Week 23
N150a009,BW,N150a001_181,"Xeno Nimo Hypox,FaDu",BW,N150,a,9,BW,Body Weight,26.0,g,26,26.0,g,,,,,,,,,2012-06-04,181.0,181.0,Week 24
N150a009,BW,N150a001_188,"Xeno Nimo Hypox,FaDu",BW,N150,a,9,BW,Body Weight,26.0,g,26,26.0,g,,,,,,,,,2012-06-11,188.0,188.0,Week 25
N150a009,BW,N150a001_195,"Xeno Nimo Hypox,FaDu",BW,N150,a,9,BW,Body Weight,27.0,g,27,27.0,g,,,,,,,,,2012-06-18,195.0,195.0,Week 26
N150a009,BW,N150a001_202,"Xeno Nimo Hypox,FaDu",BW,N150,a,9,BW,Body Weight,28.0,g,28,28.0,g,,,,,,,,,2012-06-25,202.0,202.0,Week 27
N150a009,BW,N150a002_20,"Xeno Nimo Hypox,FaDu",BW,N150,a,9,BW,Body Weight,,g,,,g,NOT DONE,UNKNOWN,,,,,,,2012-07-02,209.0,209.0,Week 28
N150a011,BW,N150a002_27,"Xeno Nimo Hypox,FaDu",BW,N150,a,11,BW,Body Weight,44.0,g,44,44.0,g,,,Y,,,,,,2011-12-19,13.0,13.0,Week 1
N150a011,BW,N150a002_34,"Xeno Nimo Hypox,FaDu",BW,N150,a,11,BW,Body Weight,39.0,g,39,39.0,g,,,,,,,,,2011-12-26,20.0,20.0,Week 2
N150a011,BW,N150a002_41,"Xeno Nimo Hypox,FaDu",BW,N150,a,11,BW,Body Weight,41.0,g,41,41.0,g,,,,,,,,,2012-01-02,27.0,27.0,Week 3
N150a011,BW,N150a002_48,"Xeno Nimo Hypox,FaDu",BW,N150,a,11,BW,Body Weight,35.0,g,35,35.0,g,,,,,,,,,2012-01-09,34.0,34.0,Week 4
N150a011,BW,N150a002_55,"Xeno Nimo Hypox,FaDu",BW,N150,a,11,BW,Body Weight,35.0,g,35,35.0,g,,,,,,,,,2012-01-16,41.0,41.0,Week 5
N150a011,BW,N150a002_62,"Xeno Nimo Hypox,FaDu",BW,N150,a,11,BW,Body Weight,34.0,g,34,34.0,g,,,,,,,,,2012-01-23,48.0,48.0,Week 6
N150a011,BW,N150a002_69,"Xeno Nimo Hypox,FaDu",BW,N150,a,11,BW,Body Weight,34.0,g,34,34.0,g,,,,,,,,,2012-01-30,55.0,55.0,Week 7
N150a011,BW,N150a002_76,"Xeno Nimo Hypox,FaDu",BW,N150,a,11,BW,Body Weight,36.0,g,36,36.0,g,,,,,,,,,2012-02-06,62.0,62.0,Week 8
N150a011,BW,N150a002_83,"Xeno Nimo Hypox,FaDu",BW,N150,a,11,BW,Body Weight,39.0,g,39,39.0,g,,,,,,,,,2012-02-13,69.0,69.0,Week 9
N150a011,BW,N150a002_90,"Xeno Nimo Hypox,FaDu",BW,N150,a,11,BW,Body Weight,39.0,g,39,39.0,g,,,,,,,,,2012-02-20,76.0,76.0,Week 10
N150a011,BW,N150a002_97,"Xeno Nimo Hypox,FaDu",BW,N150,a,11,BW,Body Weight,38.0,g,38,38.0,g,,,,,,,,,2012-02-27,83.0,83.0,Week 11
N150a011,BW,N150a002_104,"Xeno Nimo Hypox,FaDu",BW,N150,a,11,BW,Body Weight,39.0,g,39,39.0,g,,,,,,,,,2012-03-05,90.0,90.0,Week 12
N150a011,BW,N150a002_111,"Xeno Nimo Hypox,FaDu",BW,N150,a,11,BW,Body Weight,35.0,g,35,35.0,g,,,,,,,,,2012-03-12,97.0,97.0,Week 13
N150a011,BW,N150a002_118,"Xeno Nimo Hypox,FaDu",BW,N150,a,11,BW,Body Weight,37.0,g,37,37.0,g,,,,,,,,,2012-03-19,104.0,104.0,Week 14
N150a011,BW,N150a002_126,"Xeno Nimo Hypox,FaDu",BW,N150,a,11,BW,Body Weight,34.0,g,34,34.0,g,,,,,,,,,2012-03-26,111.0,111.0,Week 15
N150a011,BW,N150a002_133,"Xeno Nimo Hypox,FaDu",BW,N150,a,11,BW,Body Weight,35.0,g,35,35.0,g,,,,,,,,,2012-04-02,118.0,118.0,Week 16
N150a011,BW,N150a002_139,"Xeno Nimo Hypox,FaDu",BW,N150,a,11,BW,Body Weight,33.0,g,33,33.0,g,,,,,,,,,2012-04-10,126.0,126.0,Week 17
N150a011,BW,N150a002_146,"Xeno Nimo Hypox,FaDu",BW,N150,a,11,BW,Body Weight,32.0,g,32,32.0,g,,,,,,,,,2012-04-17,133.0,133.0,Week 18
N150a011,BW,N150a002_153,"Xeno Nimo Hypox,FaDu",BW,N150,a,11,BW,Body Weight,31.0,g,31,31.0,g,,,,,,,,,2012-04-23,139.0,139.0,Week 19
N150a011,BW,N150a003_20,"Xeno Nimo Hypox,FaDu",BW,N150,a,11,BW,Body Weight,35.0,g,35,35.0,g,,,,,,,,,2012-04-30,146.0,146.0,Week 20
N150a011,BW,N150a003_27,"Xeno Nimo Hypox,FaDu",BW,N150,a,11,BW,Body Weight,34.0,g,34,34.0,g,,,,,,,,,2012-05-07,153.0,153.0,Week 21
N150a011,BW,N150a003_34,"Xeno Nimo Hypox,FaDu",BW,N150,a,11,BW,Body Weight,33.0,g,33,33.0,g,,,,,,,,,2012-05-14,160.0,160.0,Week 22
N150a011,BW,N150a003_41,"Xeno Nimo Hypox,FaDu",BW,N150,a,11,BW,Body Weight,33.0,g,33,33.0,g,,,,,,,,,2012-05-21,167.0,167.0,Week 23
N150a011,BW,N150a003_48,"Xeno Nimo Hypox,FaDu",BW,N150,a,11,BW,Body Weight,33.0,g,33,33.0,g,,,,,,,,,2012-05-30,176.0,176.0,Week 24
N150a011,BW,N150a003_55,"Xeno Nimo Hypox,FaDu",BW,N150,a,11,BW,Body Weight,31.0,g,31,31.0,g,,,,,,,,,2012-06-04,181.0,181.0,Week 25
N150a011,BW,N150a003_62,"Xeno Nimo Hypox,FaDu",BW,N150,a,11,BW,Body Weight,29.0,g,29,29.0,g,,,,,,,,,2012-06-11,188.0,188.0,Week 26
N150a011,BW,N150a003_69,"Xeno Nimo Hypox,FaDu",BW,N150,a,11,BW,Body Weight,28.0,g,28,28.0,g,,,,,,,,,2012-06-18,195.0,195.0,Week 27
N150a011,BW,N150a003_76,"Xeno Nimo Hypox,FaDu",BW,N150,a,11,BW,Body Weight,26.0,g,26,26.0,g,,,,,,,,,2012-06-25,202.0,202.0,Week 28
N150a011,BW,N150a003_83,"Xeno Nimo Hypox,FaDu",BW,N150,a,11,BW,Body Weight,,g,,,g,NOT DONE,UNKNOWN,,,,,,,2012-07-02,209.0,209.0,Week 29
N150a012,BW,N150a003_90,"Xeno Nimo Hypox,FaDu",BW,N150,a,12,BW,Body Weight,38.0,g,38,38.0,g,,,Y,,,,,,2011-12-26,20.0,20.0,Week 1
N150a012,BW,N150a003_97,"Xeno Nimo Hypox,FaDu",BW,N150,a,12,BW,Body Weight,40.0,g,40,40.0,g,,,,,,,,,2012-01-02,27.0,27.0,Week 2
N150a012,BW,N150a003_104,"Xeno Nimo Hypox,FaDu",BW,N150,a,12,BW,Body Weight,40.0,g,40,40.0,g,,,,,,,,,2012-01-09,34.0,34.0,Week 3
N150a012,BW,N150a003_111,"Xeno Nimo Hypox,FaDu",BW,N150,a,12,BW,Body Weight,36.0,g,36,36.0,g,,,,,,,,,2012-01-16,41.0,41.0,Week 4
N150a012,BW,N150a003_118,"Xeno Nimo Hypox,FaDu",BW,N150,a,12,BW,Body Weight,36.0,g,36,36.0,g,,,,,,,,,2012-01-23,48.0,48.0,Week 5
N150a012,BW,N150a003_126,"Xeno Nimo Hypox,FaDu",BW,N150,a,12,BW,Body Weight,37.0,g,37,37.0,g,,,,,,,,,2012-01-30,55.0,55.0,Week 6
N150a012,BW,N150a003_133,"Xeno Nimo Hypox,FaDu",BW,N150,a,12,BW,Body Weight,39.0,g,39,39.0,g,,,,,,,,,2012-02-06,62.0,62.0,Week 7
N150a012,BW,N150a003_139,"Xeno Nimo Hypox,FaDu",BW,N150,a,12,BW,Body Weight,42.0,g,42,42.0,g,,,,,,,,,2012-02-13,69.0,69.0,Week 8
N150a012,BW,N150a003_146,"Xeno Nimo Hypox,FaDu",BW,N150,a,12,BW,Body Weight,42.0,g,42,42.0,g,,,,,,,,,2012-02-20,76.0,76.0,Week 9
N150a012,BW,N150a003_153,"Xeno Nimo Hypox,FaDu",BW,N150,a,12,BW,Body Weight,39.0,g,39,39.0,g,,,,,,,,,2012-02-27,83.0,83.0,Week 10
N150a012,BW,N150a003_160,"Xeno Nimo Hypox,FaDu",BW,N150,a,12,BW,Body Weight,41.0,g,41,41.0,g,,,,,,,,,2012-03-05,90.0,90.0,Week 11
N150a012,BW,N150a003_167,"Xeno Nimo Hypox,FaDu",BW,N150,a,12,BW,Body Weight,38.0,g,38,38.0,g,,,,,,,,,2012-03-12,97.0,97.0,Week 12
N150a012,BW,N150a003_176,"Xeno Nimo Hypox,FaDu",BW,N150,a,12,BW,Body Weight,38.0,g,38,38.0,g,,,,,,,,,2012-03-19,104.0,104.0,Week 13
N150a012,BW,N150a003_181,"Xeno Nimo Hypox,FaDu",BW,N150,a,12,BW,Body Weight,42.0,g,42,42.0,g,,,,,,,,,2012-03-26,111.0,111.0,Week 14
N150a012,BW,N150a003_188,"Xeno Nimo Hypox,FaDu",BW,N150,a,12,BW,Body Weight,43.0,g,43,43.0,g,,,,,,,,,2012-04-02,118.0,118.0,Week 15
N150a012,BW,N150a004_20,"Xeno Nimo Hypox,FaDu",BW,N150,a,12,BW,Body Weight,43.0,g,43,43.0,g,,,,,,,,,2012-04-10,126.0,126.0,Week 16
N150a012,BW,N150a004_27,"Xeno Nimo Hypox,FaDu",BW,N150,a,12,BW,Body Weight,43.0,g,43,43.0,g,,,,,,,,,2012-04-17,133.0,133.0,Week 17
N150a012,BW,N150a004_34,"Xeno Nimo Hypox,FaDu",BW,N150,a,12,BW,Body Weight,42.0,g,42,42.0,g,,,,,,,,,2012-04-23,139.0,139.0,Week 18
N150a012,BW,N150a004_41,"Xeno Nimo Hypox,FaDu",BW,N150,a,12,BW,Body Weight,43.0,g,43,43.0,g,,,,,,,,,2012-04-30,146.0,146.0,Week 19
N150a012,BW,N150a004_48,"Xeno Nimo Hypox,FaDu",BW,N150,a,12,BW,Body Weight,44.0,g,44,44.0,g,,,,,,,,,2012-05-07,153.0,153.0,Week 20
N150a012,BW,N150a004_55,"Xeno Nimo Hypox,FaDu",BW,N150,a,12,BW,Body Weight,44.0,g,44,44.0,g,,,,,,,,,2012-05-14,160.0,160.0,Week 21
N150a012,BW,N150a004_62,"Xeno Nimo Hypox,FaDu",BW,N150,a,12,BW,Body Weight,43.0,g,43,43.0,g,,,,,,,,,2012-05-21,167.0,167.0,Week 22
N150a012,BW,N150a004_69,"Xeno Nimo Hypox,FaDu",BW,N150,a,12,BW,Body Weight,43.0,g,43,43.0,g,,,,,,,,,2012-05-30,176.0,176.0,Week 23
N150a012,BW,N150a004_76,"Xeno Nimo Hypox,FaDu",BW,N150,a,12,BW,Body Weight,41.0,g,41,41.0,g,,,,,,,,,2012-06-04,181.0,181.0,Week 24
N150a012,BW,N150a004_83,"Xeno Nimo Hypox,FaDu",BW,N150,a,12,BW,Body Weight,45.0,g,45,45.0,g,,,,,,,,,2012-06-11,188.0,188.0,Week 25
N150a012,BW,N150a004_90,"Xeno Nimo Hypox,FaDu",BW,N150,a,12,BW,Body Weight,41.0,g,41,41.0,g,,,,,,,,,2012-06-18,195.0,195.0,Week 26
N150a012,BW,N150a004_97,"Xeno Nimo Hypox,FaDu",BW,N150,a,12,BW,Body Weight,43.0,g,43,43.0,g,,,,,,,,,2012-06-25,202.0,202.0,Week 27
N150a012,BW,N150a004_104,"Xeno Nimo Hypox,FaDu",BW,N150,a,12,BW,Body Weight,,g,,,g,NOT DONE,UNKNOWN,,,,,,,2012-07-02,209.0,209.0,Week 28
N150b057,BW,N150a004_111,"Xeno Nimo Hypox,FaDu",BW,N150,b,57,BW,Body Weight,38.0,g,38,38.0,g,,,Y,,,,,,2012-02-27,27.0,27.0,Week 1
N150b057,BW,N150a004_118,"Xeno Nimo Hypox,FaDu",BW,N150,b,57,BW,Body Weight,34.0,g,34,34.0,g,,,,,,,,,2012-03-05,34.0,34.0,Week 2
N150b057,BW,N150a004_126,"Xeno Nimo Hypox,FaDu",BW,N150,b,57,BW,Body Weight,31.0,g,31,31.0,g,,,,,,,,,2012-03-12,41.0,41.0,Week 3
N150b057,BW,N150a004_133,"Xeno Nimo Hypox,FaDu",BW,N150,b,57,BW,Body Weight,31.0,g,31,31.0,g,,,,,,,,,2012-03-19,48.0,48.0,Week 4
N150b057,BW,N150a004_139,"Xeno Nimo Hypox,FaDu",BW,N150,b,57,BW,Body Weight,32.0,g,32,32.0,g,,,,,,,,,2012-03-26,55.0,55.0,Week 5
N150b057,BW,N150a004_146,"Xeno Nimo Hypox,FaDu",BW,N150,b,57,BW,Body Weight,33.0,g,33,33.0,g,,,,,,,,,2012-04-02,62.0,62.0,Week 6
N150b057,BW,N150a004_153,"Xeno Nimo Hypox,FaDu",BW,N150,b,57,BW,Body Weight,31.0,g,31,31.0,g,,,,,,,,,2012-04-09,69.0,69.0,Week 7
N150b057,BW,N150a004_160,"Xeno Nimo Hypox,FaDu",BW,N150,b,57,BW,Body Weight,33.0,g,33,33.0,g,,,,,,,,,2012-04-16,76.0,76.0,Week 8
N150b057,BW,N150a004_167,"Xeno Nimo Hypox,FaDu",BW,N150,b,57,BW,Body Weight,33.0,g,33,33.0,g,,,,,,,,,2012-04-23,83.0,83.0,Week 9
N150b057,BW,N150a004_176,"Xeno Nimo Hypox,FaDu",BW,N150,b,57,BW,Body Weight,35.0,g,35,35.0,g,,,,,,,,,2012-04-30,90.0,90.0,Week 10
N150b057,BW,N150a004_181,"Xeno Nimo Hypox,FaDu",BW,N150,b,57,BW,Body Weight,33.0,g,33,33.0,g,,,,,,,,,2012-05-07,97.0,97.0,Week 11
N150b057,BW,N150a004_188,"Xeno Nimo Hypox,FaDu",BW,N150,b,57,BW,Body Weight,31.0,g,31,31.0,g,,,,,,,,,2012-05-14,104.0,104.0,Week 12
N150b057,BW,N150a004_195,"Xeno Nimo Hypox,FaDu",BW,N150,b,57,BW,Body Weight,29.0,g,29,29.0,g,,,,,,,,,2012-05-21,111.0,111.0,Week 13
N150b057,BW,N150a004_202,"Xeno Nimo Hypox,FaDu",BW,N150,b,57,BW,Body Weight,29.0,g,29,29.0,g,,,,,,,,,2012-05-30,120.0,120.0,Week 14
N150b057,BW,N150a004_209,"Xeno Nimo Hypox,FaDu",BW,N150,b,57,BW,Body Weight,29.0,g,29,29.0,g,,,,,,,,,2012-06-04,125.0,125.0,Week 15
N150b057,BW,N150a027_20,"Xeno Nimo Hypox,FaDu",BW,N150,b,57,BW,Body Weight,27.0,g,27,27.0,g,,,,,,,,,2012-06-11,132.0,132.0,Week 16
N150b057,BW,N150a027_27,"Xeno Nimo Hypox,FaDu",BW,N150,b,57,BW,Body Weight,27.0,g,27,27.0,g,,,,,,,,,2012-06-18,139.0,139.0,Week 17
N150b057,BW,N150a027_34,"Xeno Nimo Hypox,FaDu",BW,N150,b,57,BW,Body Weight,31.0,g,31,31.0,g,,,,,,,,,2012-06-25,146.0,146.0,Week 18
N150b057,BW,N150a027_41,"Xeno Nimo Hypox,FaDu",BW,N150,b,57,BW,Body Weight,30.0,g,30,30.0,g,,,,,,,,,2012-07-02,153.0,153.0,Week 19
N150b057,BW,N150a027_48,"Xeno Nimo Hypox,FaDu",BW,N150,b,57,BW,Body Weight,,g,,,g,NOT DONE,UNKNOWN,,,,,,,2012-07-12,163.0,163.0,Week 20
N150b057,BW,N150a027_55,"Xeno Nimo Hypox,FaDu",BW,N150,b,57,BW,Body Weight,,g,,,g,NOT DONE,UNKNOWN,,,,,,,2012-07-19,170.0,170.0,Week 21
N150b057,BW,N150a027_62,"Xeno Nimo Hypox,FaDu",BW,N150,b,57,BW,Body Weight,,g,,,g,NOT DONE,UNKNOWN,,,,,,,2012-07-26,177.0,177.0,Week 22
N150b057,BW,N150a027_69,"Xeno Nimo Hypox,FaDu",BW,N150,b,57,BW,Body Weight,25.0,g,25,25.0,g,,,,,,,,,2012-08-02,184.0,184.0,Week 23
N150b057,BW,N150a027_76,"Xeno Nimo Hypox,FaDu",BW,N150,b,57,BW,Body Weight,,g,,,g,NOT DONE,UNKNOWN,,,,,,,2012-08-09,191.0,191.0,Week 24
N150b057,BW,N150a027_83,"Xeno Nimo Hypox,FaDu",BW,N150,b,57,BW,Body Weight,,g,,,g,NOT DONE,UNKNOWN,,,,,,,2012-08-16,198.0,198.0,Week 25
N150b057,BW,N150a027_90,"Xeno Nimo Hypox,FaDu",BW,N150,b,57,BW,Body Weight,,g,,,g,NOT DONE,UNKNOWN,,,,,,,2012-08-23,205.0,205.0,Week 26
N150b057,BW,N150a027_97,"Xeno Nimo Hypox,FaDu",BW,N150,b,57,BW,Body Weight,,g,,,g,NOT DONE,UNKNOWN,,,,,,,2012-08-30,212.0,212.0,Week 27
N150b059,BW,N150a027_104,"Xeno Nimo Hypox,FaDu",BW,N150,b,59,BW,Body Weight,44.0,g,44,44.0,g,,,Y,,,,,,2012-02-27,27.0,27.0,Week 1
N150b059,BW,N150a027_111,"Xeno Nimo Hypox,FaDu",BW,N150,b,59,BW,Body Weight,42.0,g,42,42.0,g,,,,,,,,,2012-03-05,34.0,34.0,Week 2
N150b059,BW,N150a027_118,"Xeno Nimo Hypox,FaDu",BW,N150,b,59,BW,Body Weight,42.0,g,42,42.0,g,,,,,,,,,2012-03-12,41.0,41.0,Week 3
N150b059,BW,N150a028_34,"Xeno Nimo Hypox,FaDu",BW,N150,b,59,BW,Body Weight,42.0,g,42,42.0,g,,,,,,,,,2012-03-19,48.0,48.0,Week 4
N150b059,BW,N150a028_41,"Xeno Nimo Hypox,FaDu",BW,N150,b,59,BW,Body Weight,40.0,g,40,40.0,g,,,,,,,,,2012-03-26,55.0,55.0,Week 5
N150b059,BW,N150a028_48,"Xeno Nimo Hypox,FaDu",BW,N150,b,59,BW,Body Weight,38.0,g,38,38.0,g,,,,,,,,,2012-04-02,62.0,62.0,Week 6
N150b059,BW,N150a028_55,"Xeno Nimo Hypox,FaDu",BW,N150,b,59,BW,Body Weight,37.0,g,37,37.0,g,,,,,,,,,2012-04-09,69.0,69.0,Week 7
N150b059,BW,N150a028_62,"Xeno Nimo Hypox,FaDu",BW,N150,b,59,BW,Body Weight,40.0,g,40,40.0,g,,,,,,,,,2012-04-16,76.0,76.0,Week 8
N150b059,BW,N150a028_69,"Xeno Nimo Hypox,FaDu",BW,N150,b,59,BW,Body Weight,41.0,g,41,41.0,g,,,,,,,,,2012-04-23,83.0,83.0,Week 9
N150b059,BW,N150a028_76,"Xeno Nimo Hypox,FaDu",BW,N150,b,59,BW,Body Weight,41.0,g,41,41.0,g,,,,,,,,,2012-04-30,90.0,90.0,Week 10
N150b059,BW,N150a028_83,"Xeno Nimo Hypox,FaDu",BW,N150,b,59,BW,Body Weight,39.0,g,39,39.0,g,,,,,,,,,2012-05-07,97.0,97.0,Week 11
N150b059,BW,N150a028_90,"Xeno Nimo Hypox,FaDu",BW,N150,b,59,BW,Body Weight,36.0,g,36,36.0,g,,,,,,,,,2012-05-14,104.0,104.0,Week 12
N150b059,BW,N150a028_97,"Xeno Nimo Hypox,FaDu",BW,N150,b,59,BW,Body Weight,35.0,g,35,35.0,g,,,,,,,,,2012-05-21,111.0,111.0,Week 13
N150b059,BW,N150a028_104,"Xeno Nimo Hypox,FaDu",BW,N150,b,59,BW,Body Weight,34.0,g,34,34.0,g,,,,,,,,,2012-05-30,120.0,120.0,Week 14
N150b059,BW,N150a028_111,"Xeno Nimo Hypox,FaDu",BW,N150,b,59,BW,Body Weight,34.0,g,34,34.0,g,,,,,,,,,2012-06-04,125.0,125.0,Week 15
N150b059,BW,N150a028_118,"Xeno Nimo Hypox,FaDu",BW,N150,b,59,BW,Body Weight,31.0,g,31,31.0,g,,,,,,,,,2012-06-11,132.0,132.0,Week 16
N150b059,BW,N150a028_126,"Xeno Nimo Hypox,FaDu",BW,N150,b,59,BW,Body Weight,29.0,g,29,29.0,g,,,,,,,,,2012-06-18,139.0,139.0,Week 17
N150b059,BW,N150a028_133,"Xeno Nimo Hypox,FaDu",BW,N150,b,59,BW,Body Weight,30.0,g,30,30.0,g,,,,,,,,,2012-06-25,146.0,146.0,Week 18
N150b059,BW,N150a028_139,"Xeno Nimo Hypox,FaDu",BW,N150,b,59,BW,Body Weight,30.0,g,30,30.0,g,,,,,,,,,2012-07-02,153.0,153.0,Week 19
N150b059,BW,N150a028_146,"Xeno Nimo Hypox,FaDu",BW,N150,b,59,BW,Body Weight,,g,,,g,NOT DONE,UNKNOWN,,,,,,,2012-07-12,163.0,163.0,Week 20
N150b059,BW,N150a028_153,"Xeno Nimo Hypox,FaDu",BW,N150,b,59,BW,Body Weight,,g,,,g,NOT DONE,UNKNOWN,,,,,,,2012-07-19,170.0,170.0,Week 21
N150b059,BW,N150a028_160,"Xeno Nimo Hypox,FaDu",BW,N150,b,59,BW,Body Weight,,g,,,g,NOT DONE,UNKNOWN,,,,,,,2012-07-26,177.0,177.0,Week 22
N150b059,BW,N150a028_167,"Xeno Nimo Hypox,FaDu",BW,N150,b,59,BW,Body Weight,25.0,g,25,25.0,g,,,,,,,,,2012-08-02,184.0,184.0,Week 23
N150b059,BW,N150a028_176,"Xeno Nimo Hypox,FaDu",BW,N150,b,59,BW,Body Weight,,g,,,g,NOT DONE,UNKNOWN,,,,,,,2012-08-09,191.0,191.0,Week 24
N150b059,BW,N150a028_181,"Xeno Nimo Hypox,FaDu",BW,N150,b,59,BW,Body Weight,,g,,,g,NOT DONE,UNKNOWN,,,,,,,2012-08-16,198.0,198.0,Week 25
N150b059,BW,N150a028_188,"Xeno Nimo Hypox,FaDu",BW,N150,b,59,BW,Body Weight,,g,,,g,NOT DONE,UNKNOWN,,,,,,,2012-08-23,205.0,205.0,Week 26
N150b059,BW,N150a028_195,"Xeno Nimo Hypox,FaDu",BW,N150,b,59,BW,Body Weight,,g,,,g,NOT DONE,UNKNOWN,,,,,,,2012-08-30,212.0,212.0,Week 27
N150b059,BW,N150a028_202,"Xeno Nimo Hypox,FaDu",BW,N150,b,59,BW,Body Weight,22.0,g,22,22.0,g,,,,,,,,,2012-09-06,219.0,219.0,Week 28
N150b081,BW,N150a028_209,"Xeno Nimo Hypox,FaDu",BW,N150,b,81,BW,Body Weight,35.0,g,35,35.0,g,,,Y,,,,,,2012-03-12,41.0,41.0,Week 1
N150b081,BW,N150a029_27,"Xeno Nimo Hypox,FaDu",BW,N150,b,81,BW,Body Weight,34.0,g,34,34.0,g,,,,,,,,,2012-03-19,48.0,48.0,Week 2
N150b081,BW,N150a029_34,"Xeno Nimo Hypox,FaDu",BW,N150,b,81,BW,Body Weight,33.0,g,33,33.0,g,,,,,,,,,2012-03-26,55.0,55.0,Week 3
N150b081,BW,N150a029_41,"Xeno Nimo Hypox,FaDu",BW,N150,b,81,BW,Body Weight,34.0,g,34,34.0,g,,,,,,,,,2012-04-02,62.0,62.0,Week 4
N150b081,BW,N150a029_48,"Xeno Nimo Hypox,FaDu",BW,N150,b,81,BW,Body Weight,34.0,g,34,34.0,g,,,,,,,,,2012-04-09,69.0,69.0,Week 5
N150b081,BW,N150a029_55,"Xeno Nimo Hypox,FaDu",BW,N150,b,81,BW,Body Weight,33.0,g,33,33.0,g,,,,,,,,,2012-04-16,76.0,76.0,Week 6
N150b081,BW,N150a029_62,"Xeno Nimo Hypox,FaDu",BW,N150,b,81,BW,Body Weight,33.0,g,33,33.0,g,,,,,,,,,2012-04-23,83.0,83.0,Week 7
N150b081,BW,N150a029_69,"Xeno Nimo Hypox,FaDu",BW,N150,b,81,BW,Body Weight,36.0,g,36,36.0,g,,,,,,,,,2012-04-30,90.0,90.0,Week 8
N150b081,BW,N150a029_76,"Xeno Nimo Hypox,FaDu",BW,N150,b,81,BW,Body Weight,36.0,g,36,36.0,g,,,,,,,,,2012-05-07,97.0,97.0,Week 9
N150b081,BW,N150a029_83,"Xeno Nimo Hypox,FaDu",BW,N150,b,81,BW,Body Weight,36.0,g,36,36.0,g,,,,,,,,,2012-05-14,104.0,104.0,Week 10
N150b081,BW,N150a029_90,"Xeno Nimo Hypox,FaDu",BW,N150,b,81,BW,Body Weight,36.0,g,36,36.0,g,,,,,,,,,2012-05-21,111.0,111.0,Week 11
N150b081,BW,N150a029_97,"Xeno Nimo Hypox,FaDu",BW,N150,b,81,BW,Body Weight,37.0,g,37,37.0,g,,,,,,,,,2012-05-30,120.0,120.0,Week 12
N150b081,BW,N150a029_104,"Xeno Nimo Hypox,FaDu",BW,N150,b,81,BW,Body Weight,36.0,g,36,36.0,g,,,,,,,,,2012-06-04,125.0,125.0,Week 13
N150b081,BW,N150a029_111,"Xeno Nimo Hypox,FaDu",BW,N150,b,81,BW,Body Weight,35.0,g,35,35.0,g,,,,,,,,,2012-06-11,132.0,132.0,Week 14
N150b081,BW,N150a029_118,"Xeno Nimo Hypox,FaDu",BW,N150,b,81,BW,Body Weight,38.0,g,38,38.0,g,,,,,,,,,2012-06-18,139.0,139.0,Week 15
N150b081,BW,N150a030_20,"Xeno Nimo Hypox,FaDu",BW,N150,b,81,BW,Body Weight,38.0,g,38,38.0,g,,,,,,,,,2012-06-25,146.0,146.0,Week 16
N150b081,BW,N150a030_27,"Xeno Nimo Hypox,FaDu",BW,N150,b,81,BW,Body Weight,38.0,g,38,38.0,g,,,,,,,,,2012-07-02,153.0,153.0,Week 17
N150b081,BW,N150a030_34,"Xeno Nimo Hypox,FaDu",BW,N150,b,81,BW,Body Weight,,g,,,g,NOT DONE,UNKNOWN,,,,,,,2012-07-12,163.0,163.0,Week 18
N150b081,BW,N150a030_41,"Xeno Nimo Hypox,FaDu",BW,N150,b,81,BW,Body Weight,,g,,,g,NOT DONE,UNKNOWN,,,,,,,2012-07-19,170.0,170.0,Week 19
N150b081,BW,N150a030_48,"Xeno Nimo Hypox,FaDu",BW,N150,b,81,BW,Body Weight,,g,,,g,NOT DONE,UNKNOWN,,,,,,,2012-07-26,177.0,177.0,Week 20
N150b081,BW,N150a030_55,"Xeno Nimo Hypox,FaDu",BW,N150,b,81,BW,Body Weight,35.0,g,35,35.0,g,,,,,,,,,2012-08-02,184.0,184.0,Week 21
N150b081,BW,N150a030_62,"Xeno Nimo Hypox,FaDu",BW,N150,b,81,BW,Body Weight,,g,,,g,NOT DONE,UNKNOWN,,,,,,,2012-08-09,191.0,191.0,Week 22
N150b081,BW,N150a030_69,"Xeno Nimo Hypox,FaDu",BW,N150,b,81,BW,Body Weight,,g,,,g,NOT DONE,UNKNOWN,,,,,,,2012-08-16,198.0,198.0,Week 23
N150b081,BW,N150a030_76,"Xeno Nimo Hypox,FaDu",BW,N150,b,81,BW,Body Weight,,g,,,g,NOT DONE,UNKNOWN,,,,,,,2012-08-23,205.0,205.0,Week 24
N150b081,BW,N150a030_83,"Xeno Nimo Hypox,FaDu",BW,N150,b,81,BW,Body Weight,,g,,,g,NOT DONE,UNKNOWN,,,,,,,2012-08-30,212.0,212.0,Week 25
N150b081,BW,N150a030_90,"Xeno Nimo Hypox,FaDu",BW,N150,b,81,BW,Body Weight,35.0,g,35,35.0,g,,,,,,,,,2012-09-06,219.0,219.0,Week 26
N150b082,BW,N150a030_97,"Xeno Nimo Hypox,FaDu",BW,N150,b,82,BW,Body Weight,37.0,g,37,37.0,g,,,Y,,,,,,2012-03-05,34.0,34.0,Week 1
N150b082,BW,N150a030_104,"Xeno Nimo Hypox,FaDu",BW,N150,b,82,BW,Body Weight,37.0,g,37,37.0,g,,,,,,,,,2012-03-12,41.0,41.0,Week 2
N150b082,BW,N150b053_27,"Xeno Nimo Hypox,FaDu",BW,N150,b,82,BW,Body Weight,36.0,g,36,36.0,g,,,,,,,,,2012-03-19,48.0,48.0,Week 3
N150b082,BW,N150b053_34,"Xeno Nimo Hypox,FaDu",BW,N150,b,82,BW,Body Weight,36.0,g,36,36.0,g,,,,,,,,,2012-03-26,55.0,55.0,Week 4
N150b082,BW,N150b053_41,"Xeno Nimo Hypox,FaDu",BW,N150,b,82,BW,Body Weight,35.0,g,35,35.0,g,,,,,,,,,2012-04-02,62.0,62.0,Week 5
N150b082,BW,N150b053_48,"Xeno Nimo Hypox,FaDu",BW,N150,b,82,BW,Body Weight,37.0,g,37,37.0,g,,,,,,,,,2012-04-09,69.0,69.0,Week 6
N150b082,BW,N150b053_55,"Xeno Nimo Hypox,FaDu",BW,N150,b,82,BW,Body Weight,34.0,g,34,34.0,g,,,,,,,,,2012-04-16,76.0,76.0,Week 7
N150b082,BW,N150b053_58,"Xeno Nimo Hypox,FaDu",BW,N150,b,82,BW,Body Weight,37.0,g,37,37.0,g,,,,,,,,,2012-04-23,83.0,83.0,Week 8
N150b082,BW,N150b053_62,"Xeno Nimo Hypox,FaDu",BW,N150,b,82,BW,Body Weight,38.0,g,38,38.0,g,,,,,,,,,2012-04-30,90.0,90.0,Week 9
N150b082,BW,N150b053_69,"Xeno Nimo Hypox,FaDu",BW,N150,b,82,BW,Body Weight,38.0,g,38,38.0,g,,,,,,,,,2012-05-07,97.0,97.0,Week 10
N150b082,BW,N150b053_76,"Xeno Nimo Hypox,FaDu",BW,N150,b,82,BW,Body Weight,38.0,g,38,38.0,g,,,,,,,,,2012-05-14,104.0,104.0,Week 11
N150b082,BW,N150b053_83,"Xeno Nimo Hypox,FaDu",BW,N150,b,82,BW,Body Weight,38.0,g,38,38.0,g,,,,,,,,,2012-05-21,111.0,111.0,Week 12
N150b082,BW,N150b053_90,"Xeno Nimo Hypox,FaDu",BW,N150,b,82,BW,Body Weight,38.0,g,38,38.0,g,,,,,,,,,2012-05-30,120.0,120.0,Week 13
N150b082,BW,N150b053_97,"Xeno Nimo Hypox,FaDu",BW,N150,b,82,BW,Body Weight,37.0,g,37,37.0,g,,,,,,,,,2012-06-04,125.0,125.0,Week 14
N150b082,BW,N150b053_104,"Xeno Nimo Hypox,FaDu",BW,N150,b,82,BW,Body Weight,38.0,g,38,38.0,g,,,,,,,,,2012-06-11,132.0,132.0,Week 15
N150b082,BW,N150b053_111,"Xeno Nimo Hypox,FaDu",BW,N150,b,82,BW,Body Weight,38.0,g,38,38.0,g,,,,,,,,,2012-06-18,139.0,139.0,Week 16
N150b082,BW,N150b053_120,"Xeno Nimo Hypox,FaDu",BW,N150,b,82,BW,Body Weight,39.0,g,39,39.0,g,,,,,,,,,2012-06-25,146.0,146.0,Week 17
N150b082,BW,N150b053_125,"Xeno Nimo Hypox,FaDu",BW,N150,b,82,BW,Body Weight,39.0,g,39,39.0,g,,,,,,,,,2012-07-02,153.0,153.0,Week 18
N150b083,BW,N150b053_132,"Xeno Nimo Hypox,FaDu",BW,N150,b,83,BW,Body Weight,34.0,g,34,34.0,g,,,Y,,,,,,2012-02-27,27.0,27.0,Week 1
N150b083,BW,N150b053_139,"Xeno Nimo Hypox,FaDu",BW,N150,b,83,BW,Body Weight,32.0,g,32,32.0,g,,,,,,,,,2012-03-05,34.0,34.0,Week 2
N150b083,BW,N150b053_146,"Xeno Nimo Hypox,FaDu",BW,N150,b,83,BW,Body Weight,31.0,g,31,31.0,g,,,,,,,,,2012-03-12,41.0,41.0,Week 3
N150b083,BW,N150b053_153,"Xeno Nimo Hypox,FaDu",BW,N150,b,83,BW,Body Weight,33.0,g,33,33.0,g,,,,,,,,,2012-03-19,48.0,48.0,Week 4
N150b083,BW,N150b053_184,"Xeno Nimo Hypox,FaDu",BW,N150,b,83,BW,Body Weight,31.0,g,31,31.0,g,,,,,,,,,2012-03-26,55.0,55.0,Week 5
N150b083,BW,N150b053_219,"Xeno Nimo Hypox,FaDu",BW,N150,b,83,BW,Body Weight,31.0,g,31,31.0,g,,,,,,,,,2012-04-02,62.0,62.0,Week 6
N150b083,BW,N150b056_34,"Xeno Nimo Hypox,FaDu",BW,N150,b,83,BW,Body Weight,32.0,g,32,32.0,g,,,,,,,,,2012-04-09,69.0,69.0,Week 7
N150b083,BW,N150b056_41,"Xeno Nimo Hypox,FaDu",BW,N150,b,83,BW,Body Weight,33.0,g,33,33.0,g,,,,,,,,,2012-04-16,76.0,76.0,Week 8
N150b083,BW,N150b056_48,"Xeno Nimo Hypox,FaDu",BW,N150,b,83,BW,Body Weight,33.0,g,33,33.0,g,,,,,,,,,2012-04-23,83.0,83.0,Week 9
N150b083,BW,N150b056_55,"Xeno Nimo Hypox,FaDu",BW,N150,b,83,BW,Body Weight,34.0,g,34,34.0,g,,,,,,,,,2012-04-30,90.0,90.0,Week 10
N150b083,BW,N150b056_62,"Xeno Nimo Hypox,FaDu",BW,N150,b,83,BW,Body Weight,35.0,g,35,35.0,g,,,,,,,,,2012-05-07,97.0,97.0,Week 11
N150b083,BW,N150b056_69,"Xeno Nimo Hypox,FaDu",BW,N150,b,83,BW,Body Weight,36.0,g,36,36.0,g,,,,,,,,,2012-05-14,104.0,104.0,Week 12
N150b083,BW,N150b056_76,"Xeno Nimo Hypox,FaDu",BW,N150,b,83,BW,Body Weight,36.0,g,36,36.0,g,,,,,,,,,2012-05-21,111.0,111.0,Week 13
N150b083,BW,N150b056_83,"Xeno Nimo Hypox,FaDu",BW,N150,b,83,BW,Body Weight,34.0,g,34,34.0,g,,,,,,,,,2012-05-30,120.0,120.0,Week 14
N150b083,BW,N150b056_90,"Xeno Nimo Hypox,FaDu",BW,N150,b,83,BW,Body Weight,33.0,g,33,33.0,g,,,,,,,,,2012-06-04,125.0,125.0,Week 15
N150b083,BW,N150b056_97,"Xeno Nimo Hypox,FaDu",BW,N150,b,83,BW,Body Weight,35.0,g,35,35.0,g,,,,,,,,,2012-06-11,132.0,132.0,Week 16
N150b083,BW,N150b056_104,"Xeno Nimo Hypox,FaDu",BW,N150,b,83,BW,Body Weight,35.0,g,35,35.0,g,,,,,,,,,2012-06-18,139.0,139.0,Week 17
N150b084,BW,N150b056_111,"Xeno Nimo Hypox,FaDu",BW,N150,b,84,BW,Body Weight,36.0,g,36,36.0,g,,,Y,,,,,,2012-03-19,48.0,48.0,Week 1
N150b084,BW,N150b056_120,"Xeno Nimo Hypox,FaDu",BW,N150,b,84,BW,Body Weight,32.0,g,32,32.0,g,,,,,,,,,2012-03-26,55.0,55.0,Week 2
N150b084,BW,N150b056_125,"Xeno Nimo Hypox,FaDu",BW,N150,b,84,BW,Body Weight,29.0,g,29,29.0,g,,,,,,,,,2012-04-02,62.0,62.0,Week 3
N150b084,BW,N150b056_132,"Xeno Nimo Hypox,FaDu",BW,N150,b,84,BW,Body Weight,30.0,g,30,30.0,g,,,,,,,,,2012-04-09,69.0,69.0,Week 4
N150b084,BW,N150b056_139,"Xeno Nimo Hypox,FaDu",BW,N150,b,84,BW,Body Weight,28.0,g,28,28.0,g,,,,,,,,,2012-04-16,76.0,76.0,Week 5
N150b084,BW,N150b056_146,"Xeno Nimo Hypox,FaDu",BW,N150,b,84,BW,Body Weight,29.0,g,29,29.0,g,,,,,,,,,2012-04-23,83.0,83.0,Week 6
N150b084,BW,N150b056_153,"Xeno Nimo Hypox,FaDu",BW,N150,b,84,BW,Body Weight,29.0,g,29,29.0,g,,,,,,,,,2012-04-30,90.0,90.0,Week 7
N150b084,BW,N150b056_184,"Xeno Nimo Hypox,FaDu",BW,N150,b,84,BW,Body Weight,31.0,g,31,31.0,g,,,,,,,,,2012-05-07,97.0,97.0,Week 8
N150b084,BW,N150b056_219,"Xeno Nimo Hypox,FaDu",BW,N150,b,84,BW,Body Weight,32.0,g,32,32.0,g,,,,,,,,,2012-05-14,104.0,104.0,Week 9
N150b084,BW,N150b058_20,"Xeno Nimo Hypox,FaDu",BW,N150,b,84,BW,Body Weight,31.0,g,31,31.0,g,,,,,,,,,2012-05-21,111.0,111.0,Week 10
N150b084,BW,N150b058_27,"Xeno Nimo Hypox,FaDu",BW,N150,b,84,BW,Body Weight,30.0,g,30,30.0,g,,,,,,,,,2012-05-30,120.0,120.0,Week 11
N150b084,BW,N150b058_34,"Xeno Nimo Hypox,FaDu",BW,N150,b,84,BW,Body Weight,30.0,g,30,30.0,g,,,,,,,,,2012-06-04,125.0,125.0,Week 12
N150b084,BW,N150b058_41,"Xeno Nimo Hypox,FaDu",BW,N150,b,84,BW,Body Weight,30.0,g,30,30.0,g,,,,,,,,,2012-06-11,132.0,132.0,Week 13
N150b084,BW,N150b058_48,"Xeno Nimo Hypox,FaDu",BW,N150,b,84,BW,Body Weight,31.0,g,31,31.0,g,,,,,,,,,2012-06-18,139.0,139.0,Week 14
N150b084,BW,N150b058_55,"Xeno Nimo Hypox,FaDu",BW,N150,b,84,BW,Body Weight,33.0,g,33,33.0,g,,,,,,,,,2012-06-25,146.0,146.0,Week 15
N150b084,BW,N150b058_68,"Xeno Nimo Hypox,FaDu",BW,N150,b,84,BW,Body Weight,33.0,g,33,33.0,g,,,,,,,,,2012-07-02,153.0,153.0,Week 16
N150b084,BW,N150b058_69,"Xeno Nimo Hypox,FaDu",BW,N150,b,84,BW,Body Weight,,g,,,g,NOT DONE,UNKNOWN,,,,,,,2012-07-12,163.0,163.0,Week 17
N150b084,BW,N150b058_76,"Xeno Nimo Hypox,FaDu",BW,N150,b,84,BW,Body Weight,,g,,,g,NOT DONE,UNKNOWN,,,,,,,2012-07-19,170.0,170.0,Week 18
N150b084,BW,N150b058_83,"Xeno Nimo Hypox,FaDu",BW,N150,b,84,BW,Body Weight,,g,,,g,NOT DONE,UNKNOWN,,,,,,,2012-07-26,177.0,177.0,Week 19
N150b084,BW,N150b058_90,"Xeno Nimo Hypox,FaDu",BW,N150,b,84,BW,Body Weight,28.0,g,28,28.0,g,,,,,,,,,2012-08-02,184.0,184.0,Week 20
N150b084,BW,N150b069_20,"Xeno Nimo Hypox,FaDu",BW,N150,b,84,BW,Body Weight,,g,,,g,NOT DONE,UNKNOWN,,,,,,,2012-08-09,191.0,191.0,Week 21
N150b084,BW,N150b069_27,"Xeno Nimo Hypox,FaDu",BW,N150,b,84,BW,Body Weight,,g,,,g,NOT DONE,UNKNOWN,,,,,,,2012-08-16,198.0,198.0,Week 22
N150b084,BW,N150b069_34,"Xeno Nimo Hypox,FaDu",BW,N150,b,84,BW,Body Weight,,g,,,g,NOT DONE,UNKNOWN,,,,,,,2012-08-23,205.0,205.0,Week 23
N150b084,BW,N150b069_41,"Xeno Nimo Hypox,FaDu",BW,N150,b,84,BW,Body Weight,,g,,,g,NOT DONE,UNKNOWN,,,,,,,2012-08-30,212.0,212.0,Week 24
N150b084,BW,N150b069_48,"Xeno Nimo Hypox,FaDu",BW,N150,b,84,BW,Body Weight,27.0,g,27,27.0,g,,,,,,,,,2012-09-06,219.0,219.0,Week 25
N150b095,BW,N150b069_55,"Xeno Nimo Hypox,FaDu",BW,N150,b,95,BW,Body Weight,37.0,g,37,37.0,g,,,Y,,,,,,2012-02-27,27.0,27.0,Week 1
N150b095,BW,N150b069_62,"Xeno Nimo Hypox,FaDu",BW,N150,b,95,BW,Body Weight,38.0,g,38,38.0,g,,,,,,,,,2012-03-05,34.0,34.0,Week 2
N150b095,BW,N150b069_69,"Xeno Nimo Hypox,FaDu",BW,N150,b,95,BW,Body Weight,34.0,g,34,34.0,g,,,,,,,,,2012-03-12,41.0,41.0,Week 3
N150b095,BW,N150b069_76,"Xeno Nimo Hypox,FaDu",BW,N150,b,95,BW,Body Weight,34.0,g,34,34.0,g,,,,,,,,,2012-03-19,48.0,48.0,Week 4
N150b095,BW,N150b069_83,"Xeno Nimo Hypox,FaDu",BW,N150,b,95,BW,Body Weight,35.0,g,35,35.0,g,,,,,,,,,2012-03-26,55.0,55.0,Week 5
N150b095,BW,N150b069_90,"Xeno Nimo Hypox,FaDu",BW,N150,b,95,BW,Body Weight,33.0,g,33,33.0,g,,,,,,,,,2012-04-02,62.0,62.0,Week 6
N150b095,BW,N150b069_97,"Xeno Nimo Hypox,FaDu",BW,N150,b,95,BW,Body Weight,35.0,g,35,35.0,g,,,,,,,,,2012-04-09,69.0,69.0,Week 7
N150b095,BW,N150b069_104,"Xeno Nimo Hypox,FaDu",BW,N150,b,95,BW,Body Weight,37.0,g,37,37.0,g,,,,,,,,,2012-04-16,76.0,76.0,Week 8
N150b095,BW,N150b069_111,"Xeno Nimo Hypox,FaDu",BW,N150,b,95,BW,Body Weight,39.0,g,39,39.0,g,,,,,,,,,2012-04-23,83.0,83.0,Week 9
N150b095,BW,N150b069_119,"Xeno Nimo Hypox,FaDu",BW,N150,b,95,BW,Body Weight,38.0,g,38,38.0,g,,,,,,,,,2012-04-30,90.0,90.0,Week 10
N150b095,BW,N150b069_125,"Xeno Nimo Hypox,FaDu",BW,N150,b,95,BW,Body Weight,34.0,g,34,34.0,g,,,,,,,,,2012-05-07,97.0,97.0,Week 11
N150b095,BW,N150b069_132,"Xeno Nimo Hypox,FaDu",BW,N150,b,95,BW,Body Weight,38.0,g,38,38.0,g,,,,,,,,,2012-05-14,104.0,104.0,Week 12
N150b096,BW,N150b069_139,"Xeno Nimo Hypox,FaDu",BW,N150,b,96,BW,Body Weight,45.0,g,45,45.0,g,,,Y,,,,,,2012-02-27,27.0,27.0,Week 1
N150b096,BW,N150b070_20,"Xeno Nimo Hypox,FaDu",BW,N150,b,96,BW,Body Weight,43.0,g,43,43.0,g,,,,,,,,,2012-03-05,34.0,34.0,Week 2
N150b096,BW,N150b070_27,"Xeno Nimo Hypox,FaDu",BW,N150,b,96,BW,Body Weight,42.0,g,42,42.0,g,,,,,,,,,2012-03-12,41.0,41.0,Week 3
N150b096,BW,N150b070_34,"Xeno Nimo Hypox,FaDu",BW,N150,b,96,BW,Body Weight,45.0,g,45,45.0,g,,,,,,,,,2012-03-19,48.0,48.0,Week 4
N150b096,BW,N150b070_41,"Xeno Nimo Hypox,FaDu",BW,N150,b,96,BW,Body Weight,45.0,g,45,45.0,g,,,,,,,,,2012-03-26,55.0,55.0,Week 5
N150b096,BW,N150b070_48,"Xeno Nimo Hypox,FaDu",BW,N150,b,96,BW,Body Weight,42.0,g,42,42.0,g,,,,,,,,,2012-04-02,62.0,62.0,Week 6
N150b096,BW,N150b070_55,"Xeno Nimo Hypox,FaDu",BW,N150,b,96,BW,Body Weight,41.0,g,41,41.0,g,,,,,,,,,2012-04-09,69.0,69.0,Week 7
N150b096,BW,N150b070_62,"Xeno Nimo Hypox,FaDu",BW,N150,b,96,BW,Body Weight,41.0,g,41,41.0,g,,,,,,,,,2012-04-16,76.0,76.0,Week 8
N150b096,BW,N150b070_69,"Xeno Nimo Hypox,FaDu",BW,N150,b,96,BW,Body Weight,43.0,g,43,43.0,g,,,,,,,,,2012-04-23,83.0,83.0,Week 9
N150b096,BW,N150b070_76,"Xeno Nimo Hypox,FaDu",BW,N150,b,96,BW,Body Weight,45.0,g,45,45.0,g,,,,,,,,,2012-04-30,90.0,90.0,Week 10
N150b096,BW,N150b070_83,"Xeno Nimo Hypox,FaDu",BW,N150,b,96,BW,Body Weight,39.0,g,39,39.0,g,,,,,,,,,2012-05-07,97.0,97.0,Week 11
N150b096,BW,N150b070_90,"Xeno Nimo Hypox,FaDu",BW,N150,b,96,BW,Body Weight,46.0,g,46,46.0,g,,,,,,,,,2012-05-14,104.0,104.0,Week 12
N150b096,BW,N150b070_97,"Xeno Nimo Hypox,FaDu",BW,N150,b,96,BW,Body Weight,46.0,g,46,46.0,g,,,,,,,,,2012-05-21,111.0,111.0,Week 13
N150b096,BW,N150b070_104,"Xeno Nimo Hypox,FaDu",BW,N150,b,96,BW,Body Weight,45.0,g,45,45.0,g,,,,,,,,,2012-05-30,120.0,120.0,Week 14
N150b096,BW,N150b070_111,"Xeno Nimo Hypox,FaDu",BW,N150,b,96,BW,Body Weight,44.0,g,44,44.0,g,,,,,,,,,2012-06-04,125.0,125.0,Week 15
N150b096,BW,N150b070_119,"Xeno Nimo Hypox,FaDu",BW,N150,b,96,BW,Body Weight,46.0,g,46,46.0,g,,,,,,,,,2012-06-11,132.0,132.0,Week 16
N150b096,BW,N150b070_125,"Xeno Nimo Hypox,FaDu",BW,N150,b,96,BW,Body Weight,44.0,g,44,44.0,g,,,,,,,,,2012-06-18,139.0,139.0,Week 17
N150b096,BW,N150b070_132,"Xeno Nimo Hypox,FaDu",BW,N150,b,96,BW,Body Weight,47.0,g,47,47.0,g,,,,,,,,,2012-06-25,146.0,146.0,Week 18
N150b096,BW,N150b071_27,"Xeno Nimo Hypox,FaDu",BW,N150,b,96,BW,Body Weight,45.0,g,45,45.0,g,,,,,,,,,2012-07-02,153.0,153.0,Week 19
N150b096,BW,N150b071_34,"Xeno Nimo Hypox,FaDu",BW,N150,b,96,BW,Body Weight,,g,,,g,NOT DONE,UNKNOWN,,,,,,,2012-07-12,163.0,163.0,Week 20
N150b096,BW,N150b071_41,"Xeno Nimo Hypox,FaDu",BW,N150,b,96,BW,Body Weight,,g,,,g,NOT DONE,UNKNOWN,,,,,,,2012-07-19,170.0,170.0,Week 21
N150b096,BW,N150b071_48,"Xeno Nimo Hypox,FaDu",BW,N150,b,96,BW,Body Weight,,g,,,g,NOT DONE,UNKNOWN,,,,,,,2012-07-26,177.0,177.0,Week 22
N150b096,BW,N150b071_55,"Xeno Nimo Hypox,FaDu",BW,N150,b,96,BW,Body Weight,42.0,g,42,42.0,g,,,,,,,,,2012-08-02,184.0,184.0,Week 23
N150b096,BW,N150b071_62,"Xeno Nimo Hypox,FaDu",BW,N150,b,96,BW,Body Weight,,g,,,g,NOT DONE,UNKNOWN,,,,,,,2012-08-09,191.0,191.0,Week 24
N150b096,BW,N150b071_69,"Xeno Nimo Hypox,FaDu",BW,N150,b,96,BW,Body Weight,,g,,,g,NOT DONE,UNKNOWN,,,,,,,2012-08-16,198.0,198.0,Week 25
N150b096,BW,N150b071_76,"Xeno Nimo Hypox,FaDu",BW,N150,b,96,BW,Body Weight,,g,,,g,NOT DONE,UNKNOWN,,,,,,,2012-08-23,205.0,205.0,Week 26
N150b096,BW,N150b071_83,"Xeno Nimo Hypox,FaDu",BW,N150,b,96,BW,Body Weight,,g,,,g,NOT DONE,UNKNOWN,,,,,,,2012-08-30,212.0,212.0,Week 27
N150b096,BW,N150b071_90,"Xeno Nimo Hypox,FaDu",BW,N150,b,96,BW,Body Weight,43.0,g,43,43.0,g,,,,,,,,,2012-09-06,219.0,219.0,Week 28
N150b098,BW,N150b071_97,"Xeno Nimo Hypox,FaDu",BW,N150,b,98,BW,Body Weight,41.0,g,41,41.0,g,,,Y,,,,,,2012-03-26,55.0,55.0,Week 1
N150b098,BW,N150b071_104,"Xeno Nimo Hypox,FaDu",BW,N150,b,98,BW,Body Weight,35.0,g,35,35.0,g,,,,,,,,,2012-04-02,62.0,62.0,Week 2
N150b098,BW,N150b071_111,"Xeno Nimo Hypox,FaDu",BW,N150,b,98,BW,Body Weight,39.0,g,39,39.0,g,,,,,,,,,2012-04-09,69.0,69.0,Week 3
N150b098,BW,N150b071_119,"Xeno Nimo Hypox,FaDu",BW,N150,b,98,BW,Body Weight,39.0,g,39,39.0,g,,,,,,,,,2012-04-16,76.0,76.0,Week 4
N150b098,BW,N150b071_125,"Xeno Nimo Hypox,FaDu",BW,N150,b,98,BW,Body Weight,40.0,g,40,40.0,g,,,,,,,,,2012-04-23,83.0,83.0,Week 5
N150b098,BW,N150b072_27,"Xeno Nimo Hypox,FaDu",BW,N150,b,98,BW,Body Weight,41.0,g,41,41.0,g,,,,,,,,,2012-04-30,90.0,90.0,Week 6
N150b098,BW,N150b072_34,"Xeno Nimo Hypox,FaDu",BW,N150,b,98,BW,Body Weight,34.0,g,34,34.0,g,,,,,,,,,2012-05-07,97.0,97.0,Week 7
N150b098,BW,N150b072_41,"Xeno Nimo Hypox,FaDu",BW,N150,b,98,BW,Body Weight,41.0,g,41,41.0,g,,,,,,,,,2012-05-14,104.0,104.0,Week 8
N150b098,BW,N150b072_48,"Xeno Nimo Hypox,FaDu",BW,N150,b,98,BW,Body Weight,41.0,g,41,41.0,g,,,,,,,,,2012-05-21,111.0,111.0,Week 9
N150b098,BW,N150b072_55,"Xeno Nimo Hypox,FaDu",BW,N150,b,98,BW,Body Weight,41.0,g,41,41.0,g,,,,,,,,,2012-05-30,120.0,120.0,Week 10
N150b098,BW,N150b072_62,"Xeno Nimo Hypox,FaDu",BW,N150,b,98,BW,Body Weight,41.0,g,41,41.0,g,,,,,,,,,2012-06-04,125.0,125.0,Week 11
N150b098,BW,N150b072_69,"Xeno Nimo Hypox,FaDu",BW,N150,b,98,BW,Body Weight,42.0,g,42,42.0,g,,,,,,,,,2012-06-11,132.0,132.0,Week 12
N150b098,BW,N150b072_76,"Xeno Nimo Hypox,FaDu",BW,N150,b,98,BW,Body Weight,41.0,g,41,41.0,g,,,,,,,,,2012-06-18,139.0,139.0,Week 13
N150b098,BW,N150b072_83,"Xeno Nimo Hypox,FaDu",BW,N150,b,98,BW,Body Weight,35.0,g,35,35.0,g,,,,,,,,,2012-06-25,146.0,146.0,Week 14
N150b098,BW,N150b072_90,"Xeno Nimo Hypox,FaDu",BW,N150,b,98,BW,Body Weight,36.0,g,36,36.0,g,,,,,,,,,2012-07-02,153.0,153.0,Week 15
N150b098,BW,N150b072_97,"Xeno Nimo Hypox,FaDu",BW,N150,b,98,BW,Body Weight,,g,,,g,NOT DONE,UNKNOWN,,,,,,,2012-07-12,163.0,163.0,Week 16
N150b098,BW,N150b072_104,"Xeno Nimo Hypox,FaDu",BW,N150,b,98,BW,Body Weight,,g,,,g,NOT DONE,UNKNOWN,,,,,,,2012-07-19,170.0,170.0,Week 17
N150b098,BW,N150b072_111,"Xeno Nimo Hypox,FaDu",BW,N150,b,98,BW,Body Weight,,g,,,g,NOT DONE,UNKNOWN,,,,,,,2012-07-26,177.0,177.0,Week 18
N150b098,BW,N150b072_119,"Xeno Nimo Hypox,FaDu",BW,N150,b,98,BW,Body Weight,32.0,g,32,32.0,g,,,,,,,,,2012-08-02,184.0,184.0,Week 19
N150b098,BW,N150b072_125,"Xeno Nimo Hypox,FaDu",BW,N150,b,98,BW,Body Weight,,g,,,g,NOT DONE,UNKNOWN,,,,,,,2012-08-09,191.0,191.0,Week 20
N150b098,BW,N150b072_132,"Xeno Nimo Hypox,FaDu",BW,N150,b,98,BW,Body Weight,,g,,,g,NOT DONE,UNKNOWN,,,,,,,2012-08-16,198.0,198.0,Week 21
N150b098,BW,N150b072_139,"Xeno Nimo Hypox,FaDu",BW,N150,b,98,BW,Body Weight,,g,,,g,NOT DONE,UNKNOWN,,,,,,,2012-08-23,205.0,205.0,Week 22
N150b098,BW,N150b072_146,"Xeno Nimo Hypox,FaDu",BW,N150,b,98,BW,Body Weight,,g,,,g,NOT DONE,UNKNOWN,,,,,,,2012-08-30,212.0,212.0,Week 23
N150b098,BW,N150b072_153,"Xeno Nimo Hypox,FaDu",BW,N150,b,98,BW,Body Weight,33.0,g,33,33.0,g,,,,,,,,,2012-09-06,219.0,219.0,Week 24
N150b103,BW,N150b072_184,"Xeno Nimo Hypox,FaDu",BW,N150,b,103,BW,Body Weight,40.0,g,40,40.0,g,,,Y,,,,,,2012-02-20,20.0,20.0,Week 1
N150b103,BW,N150b072_219,"Xeno Nimo Hypox,FaDu",BW,N150,b,103,BW,Body Weight,38.0,g,38,38.0,g,,,,,,,,,2012-02-27,27.0,27.0,Week 2
N150b103,BW,N150b087_27,"Xeno Nimo Hypox,FaDu",BW,N150,b,103,BW,Body Weight,38.0,g,38,38.0,g,,,,,,,,,2012-03-05,34.0,34.0,Week 3
N150b103,BW,N150b087_34,"Xeno Nimo Hypox,FaDu",BW,N150,b,103,BW,Body Weight,36.0,g,36,36.0,g,,,,,,,,,2012-03-12,41.0,41.0,Week 4
N150b103,BW,N150b087_41,"Xeno Nimo Hypox,FaDu",BW,N150,b,103,BW,Body Weight,37.0,g,37,37.0,g,,,,,,,,,2012-03-19,48.0,48.0,Week 5
N150b103,BW,N150b087_48,"Xeno Nimo Hypox,FaDu",BW,N150,b,103,BW,Body Weight,35.0,g,35,35.0,g,,,,,,,,,2012-03-26,55.0,55.0,Week 6
N150b103,BW,N150b087_55,"Xeno Nimo Hypox,FaDu",BW,N150,b,103,BW,Body Weight,34.0,g,34,34.0,g,,,,,,,,,2012-04-02,62.0,62.0,Week 7
N150b103,BW,N150b087_62,"Xeno Nimo Hypox,FaDu",BW,N150,b,103,BW,Body Weight,37.0,g,37,37.0,g,,,,,,,,,2012-04-09,69.0,69.0,Week 8
N150b103,BW,N150b087_69,"Xeno Nimo Hypox,FaDu",BW,N150,b,103,BW,Body Weight,37.0,g,37,37.0,g,,,,,,,,,2012-04-16,76.0,76.0,Week 9
N150b103,BW,N150b087_76,"Xeno Nimo Hypox,FaDu",BW,N150,b,103,BW,Body Weight,38.0,g,38,38.0,g,,,,,,,,,2012-04-23,83.0,83.0,Week 10
N150b103,BW,N150b087_83,"Xeno Nimo Hypox,FaDu",BW,N150,b,103,BW,Body Weight,39.0,g,39,39.0,g,,,,,,,,,2012-04-30,90.0,90.0,Week 11
N150b103,BW,N150b087_90,"Xeno Nimo Hypox,FaDu",BW,N150,b,103,BW,Body Weight,39.0,g,39,39.0,g,,,,,,,,,2012-05-07,97.0,97.0,Week 12
N150b103,BW,N150b087_97,"Xeno Nimo Hypox,FaDu",BW,N150,b,103,BW,Body Weight,37.0,g,37,37.0,g,,,,,,,,,2012-05-14,104.0,104.0,Week 13
N150b103,BW,N150b087_104,"Xeno Nimo Hypox,FaDu",BW,N150,b,103,BW,Body Weight,37.0,g,37,37.0,g,,,,,,,,,2012-05-21,111.0,111.0,Week 14
N150b103,BW,N150b087_111,"Xeno Nimo Hypox,FaDu",BW,N150,b,103,BW,Body Weight,39.0,g,39,39.0,g,,,,,,,,,2012-05-30,120.0,120.0,Week 15
N150b103,BW,N150b087_120,"Xeno Nimo Hypox,FaDu",BW,N150,b,103,BW,Body Weight,39.0,g,39,39.0,g,,,,,,,,,2012-06-04,125.0,125.0,Week 16
N150b103,BW,N150b087_125,"Xeno Nimo Hypox,FaDu",BW,N150,b,103,BW,Body Weight,39.0,g,39,39.0,g,,,,,,,,,2012-06-11,132.0,132.0,Week 17
N150b103,BW,N150b087_132,"Xeno Nimo Hypox,FaDu",BW,N150,b,103,BW,Body Weight,38.0,g,38,38.0,g,,,,,,,,,2012-06-18,139.0,139.0,Week 18
N150b103,BW,N150b087_139,"Xeno Nimo Hypox,FaDu",BW,N150,b,103,BW,Body Weight,39.0,g,39,39.0,g,,,,,,,,,2012-06-25,146.0,146.0,Week 19
N150b103,BW,N150b087_146,"Xeno Nimo Hypox,FaDu",BW,N150,b,103,BW,Body Weight,37.0,g,37,37.0,g,,,,,,,,,2012-07-02,153.0,153.0,Week 20
N150b103,BW,N150b087_153,"Xeno Nimo Hypox,FaDu",BW,N150,b,103,BW,Body Weight,,g,,,g,NOT DONE,UNKNOWN,,,,,,,2012-07-12,163.0,163.0,Week 21
N150b103,BW,N150b087_163,"Xeno Nimo Hypox,FaDu",BW,N150,b,103,BW,Body Weight,,g,,,g,NOT DONE,UNKNOWN,,,,,,,2012-07-19,170.0,170.0,Week 22
N150b103,BW,N150b087_184,"Xeno Nimo Hypox,FaDu",BW,N150,b,103,BW,Body Weight,,g,,,g,NOT DONE,UNKNOWN,,,,,,,2012-07-26,177.0,177.0,Week 23
N150b103,BW,N150b087_219,"Xeno Nimo Hypox,FaDu",BW,N150,b,103,BW,Body Weight,35.0,g,35,35.0,g,,,,,,,,,2012-08-02,184.0,184.0,Week 24
N150b103,BW,N150b088_27,"Xeno Nimo Hypox,FaDu",BW,N150,b,103,BW,Body Weight,,g,,,g,NOT DONE,UNKNOWN,,,,,,,2012-08-09,191.0,191.0,Week 25
N150b104,BW,N150b088_34,"Xeno Nimo Hypox,FaDu",BW,N150,b,104,BW,Body Weight,39.0,g,39,39.0,g,,,Y,,,,,,2012-03-12,41.0,41.0,Week 1
N150b104,BW,N150b088_41,"Xeno Nimo Hypox,FaDu",BW,N150,b,104,BW,Body Weight,39.0,g,39,39.0,g,,,,,,,,,2012-03-19,48.0,48.0,Week 2
N150b104,BW,N150b088_48,"Xeno Nimo Hypox,FaDu",BW,N150,b,104,BW,Body Weight,39.0,g,39,39.0,g,,,,,,,,,2012-03-26,55.0,55.0,Week 3
N150b104,BW,N150b088_55,"Xeno Nimo Hypox,FaDu",BW,N150,b,104,BW,Body Weight,35.0,g,35,35.0,g,,,,,,,,,2012-04-02,62.0,62.0,Week 4
N150b104,BW,N150b088_62,"Xeno Nimo Hypox,FaDu",BW,N150,b,104,BW,Body Weight,36.0,g,36,36.0,g,,,,,,,,,2012-04-09,69.0,69.0,Week 5
N150b104,BW,N150b088_69,"Xeno Nimo Hypox,FaDu",BW,N150,b,104,BW,Body Weight,35.0,g,35,35.0,g,,,,,,,,,2012-04-16,76.0,76.0,Week 6
N150b104,BW,N150b088_76,"Xeno Nimo Hypox,FaDu",BW,N150,b,104,BW,Body Weight,35.0,g,35,35.0,g,,,,,,,,,2012-04-23,83.0,83.0,Week 7
N150b104,BW,N150b088_83,"Xeno Nimo Hypox,FaDu",BW,N150,b,104,BW,Body Weight,35.0,g,35,35.0,g,,,,,,,,,2012-04-30,90.0,90.0,Week 8
N150b104,BW,N150b088_90,"Xeno Nimo Hypox,FaDu",BW,N150,b,104,BW,Body Weight,36.0,g,36,36.0,g,,,,,,,,,2012-05-07,97.0,97.0,Week 9
N150b104,BW,N150b088_97,"Xeno Nimo Hypox,FaDu",BW,N150,b,104,BW,Body Weight,37.0,g,37,37.0,g,,,,,,,,,2012-05-14,104.0,104.0,Week 10
N150b104,BW,N150b088_104,"Xeno Nimo Hypox,FaDu",BW,N150,b,104,BW,Body Weight,36.0,g,36,36.0,g,,,,,,,,,2012-05-21,111.0,111.0,Week 11
N150b104,BW,N150b088_111,"Xeno Nimo Hypox,FaDu",BW,N150,b,104,BW,Body Weight,36.0,g,36,36.0,g,,,,,,,,,2012-05-30,120.0,120.0,Week 12
N150b104,BW,N150b089_27,"Xeno Nimo Hypox,FaDu",BW,N150,b,104,BW,Body Weight,37.0,g,37,37.0,g,,,,,,,,,2012-06-04,125.0,125.0,Week 13
N150b104,BW,N150b089_34,"Xeno Nimo Hypox,FaDu",BW,N150,b,104,BW,Body Weight,38.0,g,38,38.0,g,,,,,,,,,2012-06-11,132.0,132.0,Week 14
N150b104,BW,N150b089_41,"Xeno Nimo Hypox,FaDu",BW,N150,b,104,BW,Body Weight,38.0,g,38,38.0,g,,,,,,,,,2012-06-18,139.0,139.0,Week 15
N150b104,BW,N150b089_48,"Xeno Nimo Hypox,FaDu",BW,N150,b,104,BW,Body Weight,38.0,g,38,38.0,g,,,,,,,,,2012-06-25,146.0,146.0,Week 16
N150b104,BW,N150b089_55,"Xeno Nimo Hypox,FaDu",BW,N150,b,104,BW,Body Weight,37.0,g,37,37.0,g,,,,,,,,,2012-07-02,153.0,153.0,Week 17
N150b104,BW,N150b089_62,"Xeno Nimo Hypox,FaDu",BW,N150,b,104,BW,Body Weight,,g,,,g,NOT DONE,UNKNOWN,,,,,,,2012-07-12,163.0,163.0,Week 18
N150b104,BW,N150b089_69,"Xeno Nimo Hypox,FaDu",BW,N150,b,104,BW,Body Weight,,g,,,g,NOT DONE,UNKNOWN,,,,,,,2012-07-19,170.0,170.0,Week 19
N150b104,BW,N150b089_76,"Xeno Nimo Hypox,FaDu",BW,N150,b,104,BW,Body Weight,,g,,,g,NOT DONE,UNKNOWN,,,,,,,2012-07-26,177.0,177.0,Week 20
N150b104,BW,N150b089_83,"Xeno Nimo Hypox,FaDu",BW,N150,b,104,BW,Body Weight,37.0,g,37,37.0,g,,,,,,,,,2012-08-02,184.0,184.0,Week 21
N150b104,BW,N150b089_90,"Xeno Nimo Hypox,FaDu",BW,N150,b,104,BW,Body Weight,,g,,,g,NOT DONE,UNKNOWN,,,,,,,2012-08-09,191.0,191.0,Week 22
N150b104,BW,N150b089_97,"Xeno Nimo Hypox,FaDu",BW,N150,b,104,BW,Body Weight,,g,,,g,NOT DONE,UNKNOWN,,,,,,,2012-08-16,198.0,198.0,Week 23
N150b104,BW,N150b089_104,"Xeno Nimo Hypox,FaDu",BW,N150,b,104,BW,Body Weight,,g,,,g,NOT DONE,UNKNOWN,,,,,,,2012-08-23,205.0,205.0,Week 24
N150b104,BW,N150b089_111,"Xeno Nimo Hypox,FaDu",BW,N150,b,104,BW,Body Weight,,g,,,g,NOT DONE,UNKNOWN,,,,,,,2012-08-30,212.0,212.0,Week 25
N150b104,BW,N150b089_120,"Xeno Nimo Hypox,FaDu",BW,N150,b,104,BW,Body Weight,36.0,g,36,36.0,g,,,,,,,,,2012-09-06,219.0,219.0,Week 26
N150b110,BW,N150b089_125,"Xeno Nimo Hypox,FaDu",BW,N150,b,110,BW,Body Weight,34.0,g,34,34.0,g,,,Y,,,,,,2012-02-27,27.0,27.0,Week 1
N150b110,BW,N150b089_132,"Xeno Nimo Hypox,FaDu",BW,N150,b,110,BW,Body Weight,33.0,g,33,33.0,g,,,,,,,,,2012-03-05,34.0,34.0,Week 2
N150b110,BW,N150b089_139,"Xeno Nimo Hypox,FaDu",BW,N150,b,110,BW,Body Weight,31.0,g,31,31.0,g,,,,,,,,,2012-03-12,41.0,41.0,Week 3
N150b110,BW,N150b089_146,"Xeno Nimo Hypox,FaDu",BW,N150,b,110,BW,Body Weight,33.0,g,33,33.0,g,,,,,,,,,2012-03-19,48.0,48.0,Week 4
N150b110,BW,N150b089_153,"Xeno Nimo Hypox,FaDu",BW,N150,b,110,BW,Body Weight,33.0,g,33,33.0,g,,,,,,,,,2012-03-26,55.0,55.0,Week 5
N150b110,BW,N150b089_163,"Xeno Nimo Hypox,FaDu",BW,N150,b,110,BW,Body Weight,32.0,g,32,32.0,g,,,,,,,,,2012-04-02,62.0,62.0,Week 6
N150b110,BW,N150b089_184,"Xeno Nimo Hypox,FaDu",BW,N150,b,110,BW,Body Weight,32.0,g,32,32.0,g,,,,,,,,,2012-04-09,69.0,69.0,Week 7
N150b110,BW,N150b089_219,"Xeno Nimo Hypox,FaDu",BW,N150,b,110,BW,Body Weight,33.0,g,33,33.0,g,,,,,,,,,2012-04-16,76.0,76.0,Week 8
N150b110,BW,N150b090_27,"Xeno Nimo Hypox,FaDu",BW,N150,b,110,BW,Body Weight,34.0,g,34,34.0,g,,,,,,,,,2012-04-23,83.0,83.0,Week 9
N150b110,BW,N150b090_34,"Xeno Nimo Hypox,FaDu",BW,N150,b,110,BW,Body Weight,35.0,g,35,35.0,g,,,,,,,,,2012-04-30,90.0,90.0,Week 10
N150b110,BW,N150b090_41,"Xeno Nimo Hypox,FaDu",BW,N150,b,110,BW,Body Weight,34.0,g,34,34.0,g,,,,,,,,,2012-05-07,97.0,97.0,Week 11
N150b110,BW,N150b090_48,"Xeno Nimo Hypox,FaDu",BW,N150,b,110,BW,Body Weight,36.0,g,36,36.0,g,,,,,,,,,2012-05-14,104.0,104.0,Week 12
N150b110,BW,N150b090_55,"Xeno Nimo Hypox,FaDu",BW,N150,b,110,BW,Body Weight,36.0,g,36,36.0,g,,,,,,,,,2012-05-21,111.0,111.0,Week 13
N150b110,BW,N150b090_62,"Xeno Nimo Hypox,FaDu",BW,N150,b,110,BW,Body Weight,37.0,g,37,37.0,g,,,,,,,,,2012-05-30,120.0,120.0,Week 14
N150b110,BW,N150b090_69,"Xeno Nimo Hypox,FaDu",BW,N150,b,110,BW,Body Weight,36.0,g,36,36.0,g,,,,,,,,,2012-06-04,125.0,125.0,Week 15
N150b110,BW,N150b090_76,"Xeno Nimo Hypox,FaDu",BW,N150,b,110,BW,Body Weight,37.0,g,37,37.0,g,,,,,,,,,2012-06-11,132.0,132.0,Week 16
N150b110,BW,N150b090_83,"Xeno Nimo Hypox,FaDu",BW,N150,b,110,BW,Body Weight,36.0,g,36,36.0,g,,,,,,,,,2012-06-18,139.0,139.0,Week 17
N150b110,BW,N150b090_90,"Xeno Nimo Hypox,FaDu",BW,N150,b,110,BW,Body Weight,34.0,g,34,34.0,g,,,,,,,,,2012-06-25,146.0,146.0,Week 18
N150b110,BW,N150b090_97,"Xeno Nimo Hypox,FaDu",BW,N150,b,110,BW,Body Weight,,g,,,g,NOT DONE,UNKNOWN,,,,,,,2012-07-02,153.0,153.0,Week 19
N150b110,BW,N150b120_34,"Xeno Nimo Hypox,FaDu",BW,N150,b,110,BW,Body Weight,,g,,,g,NOT DONE,UNKNOWN,,,,,,,2012-07-12,163.0,163.0,Week 20
N150b110,BW,N150b120_41,"Xeno Nimo Hypox,FaDu",BW,N150,b,110,BW,Body Weight,,g,,,g,NOT DONE,UNKNOWN,,,,,,,2012-07-19,170.0,170.0,Week 21
N150b110,BW,N150b120_48,"Xeno Nimo Hypox,FaDu",BW,N150,b,110,BW,Body Weight,,g,,,g,NOT DONE,UNKNOWN,,,,,,,2012-07-26,177.0,177.0,Week 22
N150b110,BW,N150b120_55,,,N150,b,110,,,30.0,g,30,30.0,g,,,,,,,,,2012-08-02,184.0,184.0,Week 23
N150b110,BW,N150b120_62,,,N150,b,110,,,,g,,,g,NOT DONE,UNKNOWN,,,,,,,2012-08-09,191.0,191.0,Week 24
N150b110,BW,N150b120_69,,,N150,b,110,,,,g,,,g,NOT DONE,UNKNOWN,,,,,,,2012-08-16,198.0,198.0,Week 25
N150b110,BW,N150b120_76,,,N150,b,110,,,,g,,,g,NOT DONE,UNKNOWN,,,,,,,2012-08-23,205.0,205.0,Week 26
N150b110,BW,N150b120_83,,,N150,b,110,,,,g,,,g,NOT DONE,UNKNOWN,,,,,,,2012-08-30,212.0,212.0,Week 27
N150b111,BW,N150b120_90,"Xeno Nimo Hypox,FaDu",BW,N150,b,111,BW,Body Weight,34.0,g,34,34.0,g,,,Y,,,,,,2012-03-19,48.0,48.0,Week 1
N150b111,BW,N150b120_97,"Xeno Nimo Hypox,FaDu",BW,N150,b,111,BW,Body Weight,32.0,g,32,32.0,g,,,,,,,,,2012-03-26,55.0,55.0,Week 2
N150b111,BW,N150b120_104,"Xeno Nimo Hypox,FaDu",BW,N150,b,111,BW,Body Weight,30.0,g,30,30.0,g,,,,,,,,,2012-04-02,62.0,62.0,Week 3
N150b111,BW,N150b120_111,"Xeno Nimo Hypox,FaDu",BW,N150,b,111,BW,Body Weight,34.0,g,34,34.0,g,,,,,,,,,2012-04-09,69.0,69.0,Week 4
N150b111,BW,N150b120_120,"Xeno Nimo Hypox,FaDu",BW,N150,b,111,BW,Body Weight,33.0,g,33,33.0,g,,,,,,,,,2012-04-16,76.0,76.0,Week 5
N150b111,BW,N150b120_125,"Xeno Nimo Hypox,FaDu",BW,N150,b,111,BW,Body Weight,32.0,g,32,32.0,g,,,,,,,,,2012-04-23,83.0,83.0,Week 6
N150b111,BW,N150b120_132,"Xeno Nimo Hypox,FaDu",BW,N150,b,111,BW,Body Weight,34.0,g,34,34.0,g,,,,,,,,,2012-04-30,90.0,90.0,Week 7
N150b111,BW,N150b120_139,"Xeno Nimo Hypox,FaDu",BW,N150,b,111,BW,Body Weight,36.0,g,36,36.0,g,,,,,,,,,2012-05-07,97.0,97.0,Week 8
N150b111,BW,N150b120_146,"Xeno Nimo Hypox,FaDu",BW,N150,b,111,BW,Body Weight,34.0,g,34,34.0,g,,,,,,,,,2012-05-14,104.0,104.0,Week 9
N150b111,BW,N150b120_153,"Xeno Nimo Hypox,FaDu",BW,N150,b,111,BW,Body Weight,33.0,g,33,33.0,g,,,,,,,,,2012-05-21,111.0,111.0,Week 10
N150b111,BW,N150b120_163,"Xeno Nimo Hypox,FaDu",BW,N150,b,111,BW,Body Weight,34.0,g,34,34.0,g,,,,,,,,,2012-05-30,120.0,120.0,Week 11
N150b111,BW,N150b120_184,"Xeno Nimo Hypox,FaDu",BW,N150,b,111,BW,Body Weight,34.0,g,34,34.0,g,,,,,,,,,2012-06-04,125.0,125.0,Week 12
N150b111,BW,N150b120_219,"Xeno Nimo Hypox,FaDu",BW,N150,b,111,BW,Body Weight,34.0,g,34,34.0,g,,,,,,,,,2012-06-11,132.0,132.0,Week 13
N150b111,BW,N150b121_41,"Xeno Nimo Hypox,FaDu",BW,N150,b,111,BW,Body Weight,36.0,g,36,36.0,g,,,,,,,,,2012-06-18,139.0,139.0,Week 14
N150b111,BW,N150b121_48,"Xeno Nimo Hypox,FaDu",BW,N150,b,111,BW,Body Weight,36.0,g,36,36.0,g,,,,,,,,,2012-06-25,146.0,146.0,Week 15
N150b112,BW,N150b121_55,"Xeno Nimo Hypox,FaDu",BW,N150,b,112,BW,Body Weight,37.0,g,37,37.0,g,,,Y,,,,,,2012-02-27,27.0,27.0,Week 1
N150b112,BW,N150b121_62,"Xeno Nimo Hypox,FaDu",BW,N150,b,112,BW,Body Weight,37.0,g,37,37.0,g,,,,,,,,,2012-03-05,34.0,34.0,Week 2
N150b112,BW,N150b121_69,"Xeno Nimo Hypox,FaDu",BW,N150,b,112,BW,Body Weight,35.0,g,35,35.0,g,,,,,,,,,2012-03-12,41.0,41.0,Week 3
N150b112,BW,N150b121_76,"Xeno Nimo Hypox,FaDu",BW,N150,b,112,BW,Body Weight,35.0,g,35,35.0,g,,,,,,,,,2012-03-19,48.0,48.0,Week 4
N150b112,BW,N150b121_83,"Xeno Nimo Hypox,FaDu",BW,N150,b,112,BW,Body Weight,34.0,g,34,34.0,g,,,,,,,,,2012-03-26,55.0,55.0,Week 5
N150b112,BW,N150b121_90,"Xeno Nimo Hypox,FaDu",BW,N150,b,112,BW,Body Weight,34.0,g,34,34.0,g,,,,,,,,,2012-04-02,62.0,62.0,Week 6
N150b112,BW,N150b121_97,"Xeno Nimo Hypox,FaDu",BW,N150,b,112,BW,Body Weight,32.0,g,32,32.0,g,,,,,,,,,2012-04-09,69.0,69.0,Week 7
N150b112,BW,N150b121_104,"Xeno Nimo Hypox,FaDu",BW,N150,b,112,BW,Body Weight,35.0,g,35,35.0,g,,,,,,,,,2012-04-16,76.0,76.0,Week 8
N150b112,BW,N150b121_111,"Xeno Nimo Hypox,FaDu",BW,N150,b,112,BW,Body Weight,36.0,g,36,36.0,g,,,,,,,,,2012-04-23,83.0,83.0,Week 9
N150b112,BW,N150b121_120,"Xeno Nimo Hypox,FaDu",BW,N150,b,112,BW,Body Weight,37.0,g,37,37.0,g,,,,,,,,,2012-04-30,90.0,90.0,Week 10
N150b112,BW,N150b121_125,"Xeno Nimo Hypox,FaDu",BW,N150,b,112,BW,Body Weight,38.0,g,38,38.0,g,,,,,,,,,2012-05-07,97.0,97.0,Week 11
N150b112,BW,N150b121_132,"Xeno Nimo Hypox,FaDu",BW,N150,b,112,BW,Body Weight,38.0,g,38,38.0,g,,,,,,,,,2012-05-14,104.0,104.0,Week 12
N150b112,BW,N150b121_139,"Xeno Nimo Hypox,FaDu",BW,N150,b,112,BW,Body Weight,36.0,g,36,36.0,g,,,,,,,,,2012-05-21,111.0,111.0,Week 13
N150b112,BW,N150b121_146,"Xeno Nimo Hypox,FaDu",BW,N150,b,112,BW,Body Weight,35.0,g,35,35.0,g,,,,,,,,,2012-05-30,120.0,120.0,Week 14
N150b112,BW,N150b121_153,"Xeno Nimo Hypox,FaDu",BW,N150,b,112,BW,Body Weight,36.0,g,36,36.0,g,,,,,,,,,2012-06-04,125.0,125.0,Week 15
N150b112,BW,N150b121_163,"Xeno Nimo Hypox,FaDu",BW,N150,b,112,BW,Body Weight,36.0,g,36,36.0,g,,,,,,,,,2012-06-11,132.0,132.0,Week 16
N150b112,BW,N150b121_184,"Xeno Nimo Hypox,FaDu",BW,N150,b,112,BW,Body Weight,37.0,g,37,37.0,g,,,,,,,,,2012-06-18,139.0,139.0,Week 17
N150b112,BW,N150b121_219,"Xeno Nimo Hypox,FaDu",BW,N150,b,112,BW,Body Weight,39.0,g,39,39.0,g,,,,,,,,,2012-06-25,146.0,146.0,Week 18
N150b112,BW,N150b122_27,"Xeno Nimo Hypox,FaDu",BW,N150,b,112,BW,Body Weight,38.0,g,38,38.0,g,,,,,,,,,2012-07-02,153.0,153.0,Week 19
N150b112,BW,N150b122_34,"Xeno Nimo Hypox,FaDu",BW,N150,b,112,BW,Body Weight,,g,,,g,NOT DONE,UNKNOWN,,,,,,,2012-07-12,163.0,163.0,Week 20
N150b112,BW,N150b122_41,"Xeno Nimo Hypox,FaDu",BW,N150,b,112,BW,Body Weight,,g,,,g,NOT DONE,UNKNOWN,,,,,,,2012-07-19,170.0,170.0,Week 21
N150b112,BW,N150b122_48,"Xeno Nimo Hypox,FaDu",BW,N150,b,112,BW,Body Weight,,g,,,g,NOT DONE,UNKNOWN,,,,,,,2012-07-26,177.0,177.0,Week 22
N150b112,BW,N150b122_55,"Xeno Nimo Hypox,FaDu",BW,N150,b,112,BW,Body Weight,36.0,g,36,36.0,g,,,,,,,,,2012-08-02,184.0,184.0,Week 23
N150b112,BW,N150b122_62,"Xeno Nimo Hypox,FaDu",BW,N150,b,112,BW,Body Weight,,g,,,g,NOT DONE,UNKNOWN,,,,,,,2012-08-09,191.0,191.0,Week 24
N150b112,BW,N150b122_69,"Xeno Nimo Hypox,FaDu",BW,N150,b,112,BW,Body Weight,,g,,,g,NOT DONE,UNKNOWN,,,,,,,2012-08-16,198.0,198.0,Week 25
N150b112,BW,N150b122_76,"Xeno Nimo Hypox,FaDu",BW,N150,b,112,BW,Body Weight,,g,,,g,NOT DONE,UNKNOWN,,,,,,,2012-08-23,205.0,205.0,Week 26
N150b112,BW,N150b122_83,"Xeno Nimo Hypox,FaDu",BW,N150,b,112,BW,Body Weight,,g,,,g,NOT DONE,UNKNOWN,,,,,,,2012-08-30,212.0,212.0,Week 27
N150b112,BW,N150b122_90,"Xeno Nimo Hypox,FaDu",BW,N150,b,112,BW,Body Weight,35.0,g,35,35.0,g,,,,,,,,,2012-09-06,219.0,219.0,Week 28
N150b115,BW,N150b122_97,"Xeno Nimo Hypox,FaDu",BW,N150,b,115,BW,Body Weight,27.0,g,27,27.0,g,,,Y,,,,,,2012-02-27,27.0,27.0,Week 1
N150b115,BW,N150b122_104,"Xeno Nimo Hypox,FaDu",BW,N150,b,115,BW,Body Weight,26.0,g,26,26.0,g,,,,,,,,,2012-03-05,34.0,34.0,Week 2
N150b115,BW,N150b122_111,"Xeno Nimo Hypox,FaDu",BW,N150,b,115,BW,Body Weight,25.0,g,25,25.0,g,,,,,,,,,2012-03-12,41.0,41.0,Week 3
N150b115,BW,N150b129_55,"Xeno Nimo Hypox,FaDu",BW,N150,b,115,BW,Body Weight,26.0,g,26,26.0,g,,,,,,,,,2012-03-19,48.0,48.0,Week 4
N150b115,BW,N150b129_62,"Xeno Nimo Hypox,FaDu",BW,N150,b,115,BW,Body Weight,25.0,g,25,25.0,g,,,,,,,,,2012-03-26,55.0,55.0,Week 5
N150b115,BW,N150b129_69,"Xeno Nimo Hypox,FaDu",BW,N150,b,115,BW,Body Weight,24.0,g,24,24.0,g,,,,,,,,,2012-04-02,62.0,62.0,Week 6
N150b115,BW,N150b129_76,"Xeno Nimo Hypox,FaDu",BW,N150,b,115,BW,Body Weight,24.0,g,24,24.0,g,,,,,,,,,2012-04-09,69.0,69.0,Week 7
N150b115,BW,N150b129_83,"Xeno Nimo Hypox,FaDu",BW,N150,b,115,BW,Body Weight,28.0,g,28,28.0,g,,,,,,,,,2012-04-16,76.0,76.0,Week 8
N150b115,BW,N150b129_90,"Xeno Nimo Hypox,FaDu",BW,N150,b,115,BW,Body Weight,29.0,g,29,29.0,g,,,,,,,,,2012-04-23,83.0,83.0,Week 9
N150b115,BW,N150b129_97,"Xeno Nimo Hypox,FaDu",BW,N150,b,115,BW,Body Weight,28.0,g,28,28.0,g,,,,,,,,,2012-04-30,90.0,90.0,Week 10
N150b115,BW,N150b129_104,"Xeno Nimo Hypox,FaDu",BW,N150,b,115,BW,Body Weight,27.0,g,27,27.0,g,,,,,,,,,2012-05-07,97.0,97.0,Week 11
N150b115,BW,N150b129_111,"Xeno Nimo Hypox,FaDu",BW,N150,b,115,BW,Body Weight,26.0,g,26,26.0,g,,,,,,,,,2012-05-14,104.0,104.0,Week 12
N150b115,BW,N150b129_120,"Xeno Nimo Hypox,FaDu",BW,N150,b,115,BW,Body Weight,25.0,g,25,25.0,g,,,,,,,,,2012-05-21,111.0,111.0,Week 13
N150b115,BW,N150b129_125,"Xeno Nimo Hypox,FaDu",BW,N150,b,115,BW,Body Weight,24.0,g,24,24.0,g,,,,,,,,,2012-05-30,120.0,120.0,Week 14
N150b115,BW,N150b129_132,"Xeno Nimo Hypox,FaDu",BW,N150,b,115,BW,Body Weight,24.0,g,24,24.0,g,,,,,,,,,2012-06-04,125.0,125.0,Week 15
N150b115,BW,N150b129_139,"Xeno Nimo Hypox,FaDu",BW,N150,b,115,BW,Body Weight,23.0,g,23,23.0,g,,,,,,,,,2012-06-11,132.0,132.0,Week 16
N150b115,BW,N150b129_146,"Xeno Nimo Hypox,FaDu",BW,N150,b,115,BW,Body Weight,25.0,g,25,25.0,g,,,,,,,,,2012-06-18,139.0,139.0,Week 17
N150b115,BW,N150b129_153,"Xeno Nimo Hypox,FaDu",BW,N150,b,115,BW,Body Weight,25.0,g,25,25.0,g,,,,,,,,,2012-06-25,146.0,146.0,Week 18
N150b115,BW,N150b129_163,"Xeno Nimo Hypox,FaDu",BW,N150,b,115,BW,Body Weight,22.0,g,22,22.0,g,,,,,,,,,2012-07-02,153.0,153.0,Week 19
N150b115,BW,N150b129_184,"Xeno Nimo Hypox,FaDu",BW,N150,b,115,BW,Body Weight,,g,,,g,NOT DONE,UNKNOWN,,,,,,,2012-07-12,163.0,163.0,Week 20
N150b115,BW,N150b129_219,"Xeno Nimo Hypox,FaDu",BW,N150,b,115,BW,Body Weight,,g,,,g,NOT DONE,UNKNOWN,,,,,,,2012-07-19,170.0,170.0,Week 21
N150b115,BW,N150b130_20,"Xeno Nimo Hypox,FaDu",BW,N150,b,115,BW,Body Weight,,g,,,g,NOT DONE,UNKNOWN,,,,,,,2012-07-26,177.0,177.0,Week 22
N150b115,BW,N150b130_27,"Xeno Nimo Hypox,FaDu",BW,N150,b,115,BW,Body Weight,20.0,g,20,20.0,g,,,,,,,,,2012-08-02,184.0,184.0,Week 23
N150b115,BW,N150b130_34,"Xeno Nimo Hypox,FaDu",BW,N150,b,115,BW,Body Weight,,g,,,g,NOT DONE,UNKNOWN,,,,,,,2012-08-09,191.0,191.0,Week 24
N150b115,BW,N150b130_41,"Xeno Nimo Hypox,FaDu",BW,N150,b,115,BW,Body Weight,,g,,,g,NOT DONE,UNKNOWN,,,,,,,2012-08-16,198.0,198.0,Week 25
N150b115,BW,N150b130_48,"Xeno Nimo Hypox,FaDu",BW,N150,b,115,BW,Body Weight,,g,,,g,NOT DONE,UNKNOWN,,,,,,,2012-08-23,205.0,205.0,Week 26
N150b115,BW,N150b130_55,"Xeno Nimo Hypox,FaDu",BW,N150,b,115,BW,Body Weight,,g,,,g,NOT DONE,UNKNOWN,,,,,,,2012-08-30,212.0,212.0,Week 27
N150b115,BW,N150b130_62,"Xeno Nimo Hypox,FaDu",BW,N150,b,115,BW,Body Weight,18.0,g,18,18.0,g,,,,,,,,,2012-09-06,219.0,219.0,Week 28
N150b116,BW,N150b130_69,"Xeno Nimo Hypox,FaDu",BW,N150,b,116,BW,Body Weight,31.0,g,31,31.0,g,,,Y,,,,,,2012-02-27,27.0,27.0,Week 1
N150b116,BW,N150b130_76,"Xeno Nimo Hypox,FaDu",BW,N150,b,116,BW,Body Weight,30.0,g,30,30.0,g,,,,,,,,,2012-03-05,34.0,34.0,Week 2
N150b116,BW,N150b130_83,"Xeno Nimo Hypox,FaDu",BW,N150,b,116,BW,Body Weight,30.0,g,30,30.0,g,,,,,,,,,2012-03-12,41.0,41.0,Week 3
N150b116,BW,N150b130_90,"Xeno Nimo Hypox,FaDu",BW,N150,b,116,BW,Body Weight,29.0,g,29,29.0,g,,,,,,,,,2012-03-19,48.0,48.0,Week 4
N150b116,BW,N150b130_97,"Xeno Nimo Hypox,FaDu",BW,N150,b,116,BW,Body Weight,30.0,g,30,30.0,g,,,,,,,,,2012-03-26,55.0,55.0,Week 5
N150b116,BW,N150b130_104,"Xeno Nimo Hypox,FaDu",BW,N150,b,116,BW,Body Weight,30.0,g,30,30.0,g,,,,,,,,,2012-04-02,62.0,62.0,Week 6
N150b116,BW,,"Xeno Nimo Hypox,FaDu",BW,N150,b,116,BW,Body Weight,32.0,g,32,32.0,g,,,,,,,,,2012-04-09,69.0,69.0,Week 7
N150b116,BW,,"Xeno Nimo Hypox,FaDu",BW,N150,b,116,BW,Body Weight,34.0,g,34,34.0,g,,,,,,,,,2012-04-16,76.0,76.0,Week 8
N150b116,BW,,"Xeno Nimo Hypox,FaDu",BW,N150,b,116,BW,Body Weight,34.0,g,34,34.0,g,,,,,,,,,2012-04-23,83.0,83.0,Week 9
N150b116,BW,,"Xeno Nimo Hypox,FaDu",BW,N150,b,116,BW,Body Weight,35.0,g,35,35.0,g,,,,,,,,,2012-04-30,90.0,90.0,Week 10
N150b116,BW,,"Xeno Nimo Hypox,FaDu",BW,N150,b,116,BW,Body Weight,38.0,g,38,38.0,g,,,,,,,,,2012-05-07,97.0,97.0,Week 11
N150b116,BW,,"Xeno Nimo Hypox,FaDu",BW,N150,b,116,BW,Body Weight,37.0,g,37,37.0,g,,,,,,,,,2012-05-14,104.0,104.0,Week 12
N150b116,BW,,"Xeno Nimo Hypox,FaDu",BW,N150,b,116,BW,Body Weight,36.0,g,36,36.0,g,,,,,,,,,2012-05-21,111.0,111.0,Week 13
N150b116,BW,,"Xeno Nimo Hypox,FaDu",BW,N150,b,116,BW,Body Weight,36.0,g,36,36.0,g,,,,,,,,,2012-05-30,120.0,120.0,Week 14
N150b116,BW,,"Xeno Nimo Hypox,FaDu",BW,N150,b,116,BW,Body Weight,36.0,g,36,36.0,g,,,,,,,,,2012-06-04,125.0,125.0,Week 15
N150b116,BW,,"Xeno Nimo Hypox,FaDu",BW,N150,b,116,BW,Body Weight,35.0,g,35,35.0,g,,,,,,,,,2012-06-11,132.0,132.0,Week 16
N150b116,BW,,"Xeno Nimo Hypox,FaDu",BW,N150,b,116,BW,Body Weight,35.0,g,35,35.0,g,,,,,,,,,2012-06-18,139.0,139.0,Week 17
N150b116,BW,,"Xeno Nimo Hypox,FaDu",BW,N150,b,116,BW,Body Weight,36.0,g,36,36.0,g,,,,,,,,,2012-06-25,146.0,146.0,Week 18
N150b116,BW,,"Xeno Nimo Hypox,FaDu",BW,N150,b,116,BW,Body Weight,34.0,g,34,34.0,g,,,,,,,,,2012-07-02,153.0,153.0,Week 19
N150b116,BW,,"Xeno Nimo Hypox,FaDu",BW,N150,b,116,BW,Body Weight,,g,,,g,NOT DONE,UNKNOWN,,,,,,,2012-07-12,163.0,163.0,Week 20
N150b116,BW,,"Xeno Nimo Hypox,FaDu",BW,N150,b,116,BW,Body Weight,,g,,,g,NOT DONE,UNKNOWN,,,,,,,2012-07-19,170.0,170.0,Week 21
N150b116,BW,,"Xeno Nimo Hypox,FaDu",BW,N150,b,116,BW,Body Weight,,g,,,g,NOT DONE,UNKNOWN,,,,,,,2012-07-26,177.0,177.0,Week 22
N150b116,BW,,"Xeno Nimo Hypox,FaDu",BW,N150,b,116,BW,Body Weight,31.0,g,31,31.0,g,,,,,,,,,2012-08-02,184.0,184.0,Week 23
N150b128,BW,,"Xeno Nimo Hypox,FaDu",BW,N150,b,128,BW,Body Weight,43.0,g,43,43.0,g,,,Y,,,,,,2012-03-12,41.0,41.0,Week 1
N150b128,BW,,"Xeno Nimo Hypox,FaDu",BW,N150,b,128,BW,Body Weight,43.0,g,43,43.0,g,,,,,,,,,2012-03-19,48.0,48.0,Week 2
N150b128,BW,,"Xeno Nimo Hypox,FaDu",BW,N150,b,128,BW,Body Weight,42.0,g,42,42.0,g,,,,,,,,,2012-03-26,55.0,55.0,Week 3
N150b128,BW,,"Xeno Nimo Hypox,FaDu",BW,N150,b,128,BW,Body Weight,41.0,g,41,41.0,g,,,,,,,,,2012-04-02,62.0,62.0,Week 4
N150b128,BW,,"Xeno Nimo Hypox,FaDu",BW,N150,b,128,BW,Body Weight,43.0,g,43,43.0,g,,,,,,,,,2012-04-09,69.0,69.0,Week 5
N150b128,BW,,"Xeno Nimo Hypox,FaDu",BW,N150,b,128,BW,Body Weight,41.0,g,41,41.0,g,,,,,,,,,2012-04-16,76.0,76.0,Week 6
N150b128,BW,,"Xeno Nimo Hypox,FaDu",BW,N150,b,128,BW,Body Weight,42.0,g,42,42.0,g,,,,,,,,,2012-04-23,83.0,83.0,Week 7
N150b128,BW,,"Xeno Nimo Hypox,FaDu",BW,N150,b,128,BW,Body Weight,45.0,g,45,45.0,g,,,,,,,,,2012-04-30,90.0,90.0,Week 8
N150b128,BW,,"Xeno Nimo Hypox,FaDu",BW,N150,b,128,BW,Body Weight,45.0,g,45,45.0,g,,,,,,,,,2012-05-07,97.0,97.0,Week 9
N150b128,BW,,"Xeno Nimo Hypox,FaDu",BW,N150,b,128,BW,Body Weight,44.0,g,44,44.0,g,,,,,,,,,2012-05-14,104.0,104.0,Week 10
N150b128,BW,,"Xeno Nimo Hypox,FaDu",BW,N150,b,128,BW,Body Weight,43.0,g,43,43.0,g,,,,,,,,,2012-05-21,111.0,111.0,Week 11
N150b128,BW,,"Xeno Nimo Hypox,FaDu",BW,N150,b,128,BW,Body Weight,44.0,g,44,44.0,g,,,,,,,,,2012-05-30,120.0,120.0,Week 12
N150b128,BW,,"Xeno Nimo Hypox,FaDu",BW,N150,b,128,BW,Body Weight,43.0,g,43,43.0,g,,,,,,,,,2012-06-04,125.0,125.0,Week 13
N150b128,BW,,"Xeno Nimo Hypox,FaDu",BW,N150,b,128,BW,Body Weight,44.0,g,44,44.0,g,,,,,,,,,2012-06-11,132.0,132.0,Week 14
N150b128,BW,,"Xeno Nimo Hypox,FaDu",BW,N150,b,128,BW,Body Weight,44.0,g,44,44.0,g,,,,,,,,,2012-06-18,139.0,139.0,Week 15
N150b128,BW,,"Xeno Nimo Hypox,FaDu",BW,N150,b,128,BW,Body Weight,46.0,g,46,46.0,g,,,,,,,,,2012-06-25,146.0,146.0,Week 16
N150b128,BW,,"Xeno Nimo Hypox,FaDu",BW,N150,b,128,BW,Body Weight,44.0,g,44,44.0,g,,,,,,,,,2012-07-02,153.0,153.0,Week 17
N150b128,BW,,"Xeno Nimo Hypox,FaDu",BW,N150,b,128,BW,Body Weight,,g,,,g,NOT DONE,UNKNOWN,,,,,,,2012-07-12,163.0,163.0,Week 18
N150b128,BW,,"Xeno Nimo Hypox,FaDu",BW,N150,b,128,BW,Body Weight,,g,,,g,NOT DONE,UNKNOWN,,,,,,,2012-07-19,170.0,170.0,Week 19
N150b128,BW,,"Xeno Nimo Hypox,FaDu",BW,N150,b,128,BW,Body Weight,,g,,,g,NOT DONE,UNKNOWN,,,,,,,2012-07-26,177.0,177.0,Week 20
N150b128,BW,,"Xeno Nimo Hypox,FaDu",BW,N150,b,128,BW,Body Weight,42.0,g,42,42.0,g,,,,,,,,,2012-08-02,184.0,184.0,Week 21
N150b128,BW,,"Xeno Nimo Hypox,FaDu",BW,N150,b,128,BW,Body Weight,,g,,,g,NOT DONE,UNKNOWN,,,,,,,2012-08-09,191.0,191.0,Week 22
N150b128,BW,,"Xeno Nimo Hypox,FaDu",BW,N150,b,128,BW,Body Weight,,g,,,g,NOT DONE,UNKNOWN,,,,,,,2012-08-16,198.0,198.0,Week 23
N150b128,BW,,"Xeno Nimo Hypox,FaDu",BW,N150,b,128,BW,Body Weight,,g,,,g,NOT DONE,UNKNOWN,,,,,,,2012-08-23,205.0,205.0,Week 24
N150b128,BW,,"Xeno Nimo Hypox,FaDu",BW,N150,b,128,BW,Body Weight,,g,,,g,NOT DONE,UNKNOWN,,,,,,,2012-08-30,212.0,212.0,Week 25
N150b128,BW,,"Xeno Nimo Hypox,FaDu",BW,N150,b,128,BW,Body Weight,43.0,g,43,43.0,g,,,,,,,,,2012-09-06,219.0,219.0,Week 26